tag,maxh,linear_nodes,tets,est_c3d10_nodes,est_elem_pct_of_ceiling,est_eq,est_eq_pct_of_ceiling,gen_time_s
attempt100_hull,3.0,9639,28150,57666,12.24,172998,14.66,1.55
attempt100_hull,2.0,23599,76960,157655,33.46,472965,40.08,4.16
attempt100_hull,1.8,28920,93943,192445,40.84,577335,48.93,4.96
attempt100_star,3.0,9746,28369,58115,12.33,174345,14.78,1.56
attempt100_star,2.0,23960,77929,159640,33.88,478920,40.59,4.24
attempt100_star,1.8,29280,94844,194291,41.24,582873,49.4,5.14
attempt101_hull,3.0,9630,28201,57771,12.26,173313,14.69,1.54
attempt101_hull,2.0,23762,77677,159124,33.77,477372,40.46,7.66
attempt101_hull,1.8,28989,94454,193492,41.07,580476,49.19,5.51
attempt101_star,3.0,9670,27979,57316,12.16,171948,14.57,1.61
attempt101_star,2.0,23740,77108,157958,33.53,473874,40.16,4.29
attempt101_star,1.8,29041,93941,192441,40.84,577323,48.93,5.23
attempt102_hull,3.0,9704,28381,58139,12.34,174417,14.78,1.58
attempt102_hull,2.0,23555,76836,157401,33.41,472203,40.02,4.24
attempt102_hull,1.8,28976,94208,192988,40.96,578964,49.06,5.19
attempt102_star,3.0,9632,28055,57471,12.2,172413,14.61,1.59
attempt102_star,2.0,23706,77318,158388,33.62,475164,40.27,7.48
attempt102_star,1.8,28822,93602,191746,40.7,575238,48.75,5.4
attempt103_hull,3.0,9693,28370,58117,12.33,174351,14.78,1.54
attempt103_hull,2.0,23620,77161,158067,33.55,474201,40.19,4.22
attempt103_hull,1.8,29001,94484,193553,41.08,580659,49.21,5.11
attempt104_hull,3.0,9801,28706,58805,12.48,176415,14.95,1.57
attempt104_hull,2.0,23924,78125,160041,33.97,480123,40.69,4.28
attempt104_hull,1.8,29195,94881,194366,41.25,583098,49.42,5.34
attempt104_star,3.0,9738,28226,57822,12.27,173466,14.7,1.62
attempt104_star,2.0,23861,77463,158685,33.68,476055,40.34,7.79
attempt104_star,1.8,29082,94314,193205,41.01,579615,49.12,5.35
attempt105_hull,3.0,9740,28489,58361,12.39,175083,14.84,1.56
attempt105_hull,2.0,23669,77339,158431,33.63,475293,40.28,4.31
attempt105_hull,1.8,29179,94941,194489,41.28,583467,49.45,5.25
attempt106_hull,3.0,9661,28284,57941,12.3,173823,14.73,1.54
attempt106_hull,2.0,23571,77112,157966,33.53,473898,40.16,4.23
attempt106_hull,1.8,28889,94172,192914,40.94,578742,49.05,5.24
attempt106_star,3.0,9661,28295,57963,12.3,173889,14.74,4.78
attempt106_star,2.0,23583,77102,157946,33.52,473838,40.16,4.46
attempt106_star,1.8,28864,94066,192697,40.9,578091,48.99,5.37
attempt107_hull,3.0,9678,28290,57953,12.3,173859,14.73,1.56
attempt107_hull,2.0,23874,77904,159589,33.87,478767,40.57,4.33
attempt107_hull,1.8,29316,95281,195186,41.43,585558,49.62,5.18
attempt107_star,3.0,9750,28353,58082,12.33,174246,14.77,1.54
attempt107_star,2.0,23764,77436,158630,33.67,475890,40.33,4.33
attempt107_star,1.8,29111,94518,193623,41.09,580869,49.23,8.45
attempt108_hull,3.0,9583,28063,57488,12.2,172464,14.62,1.6
attempt108_hull,2.0,23493,76918,157569,33.44,472707,40.06,4.46
attempt108_hull,1.8,28674,93371,191273,40.6,573819,48.63,5.1
attempt108_star,3.0,9681,28226,57822,12.27,173466,14.7,1.57
attempt108_star,2.0,23543,76773,157272,33.38,471816,39.98,4.26
attempt108_star,1.8,28829,93685,191916,40.73,575748,48.79,5.22
attempt109_hull,3.0,9614,28144,57654,12.24,172962,14.66,1.55
attempt109_hull,2.0,23531,76990,157716,33.47,473148,40.1,4.22
attempt109_hull,1.8,28901,94191,192953,40.95,578859,49.06,8.56
attempt10_hull,3.0,9759,28512,58408,12.4,175224,14.85,1.67
attempt10_hull,2.0,23858,77894,159568,33.87,478704,40.57,4.71
attempt10_hull,1.8,29125,94880,194364,41.25,583092,49.41,5.25
attempt10_star,3.0,9762,28511,58406,12.4,175218,14.85,1.6
attempt10_star,2.0,23955,78273,160345,34.03,481035,40.77,4.4
attempt10_star,1.8,28960,94268,193111,40.99,579333,49.1,5.24
attempt110_hull,3.0,9667,28242,57855,12.28,173565,14.71,1.56
attempt110_hull,2.0,23909,78120,160031,33.97,480093,40.69,4.36
attempt110_hull,1.8,29277,95118,194852,41.36,584556,49.54,8.02
attempt110_star,3.0,9674,28013,57385,12.18,172155,14.59,2.18
attempt110_star,2.0,23955,77912,159605,33.87,478815,40.58,4.66
attempt110_star,1.8,29303,94875,194354,41.25,583062,49.41,5.48
attempt111_hull,3.0,9471,27722,56789,12.05,170367,14.44,1.56
attempt111_hull,2.0,23326,76356,156417,33.2,469251,39.77,4.4
attempt111_hull,1.8,28738,93664,191873,40.72,575619,48.78,5.27
attempt111_star,3.0,9772,28312,57998,12.31,173994,14.75,1.67
attempt111_star,2.0,23875,77630,159027,33.75,477081,40.43,4.42
attempt111_star,1.8,29346,94952,194512,41.28,583536,49.45,5.45
attempt112_hull,3.0,9549,27921,57197,12.14,171591,14.54,1.57
attempt112_hull,2.0,23588,77125,157993,33.53,473979,40.17,4.41
attempt112_hull,1.8,28746,93640,191824,40.71,575472,48.77,9.24
attempt114_hull,3.0,9517,27866,57084,12.12,171252,14.51,1.55
attempt114_hull,2.0,23371,76624,156966,33.31,470898,39.91,4.28
attempt114_hull,1.8,28587,93149,190818,40.5,572454,48.51,5.22
attempt114_star,3.0,9524,27818,56986,12.09,170958,14.49,1.57
attempt114_star,2.0,23596,77049,157837,33.5,473511,40.13,4.41
attempt114_star,1.8,28825,93807,192166,40.79,576498,48.86,5.26
attempt115_hull,3.0,9623,28153,57672,12.24,173016,14.66,1.56
attempt115_hull,2.0,23674,77328,158409,33.62,475227,40.27,7.06
attempt115_hull,1.8,28930,94023,192609,40.88,577827,48.97,5.29
attempt115_star,3.0,9752,28341,58057,12.32,174171,14.76,1.6
attempt115_star,2.0,23925,77794,159363,33.82,478089,40.52,4.46
attempt115_star,1.8,29141,94487,193559,41.08,580677,49.21,5.32
attempt116_hull,3.0,9763,28601,58590,12.44,175770,14.9,1.57
attempt116_hull,2.0,23884,78070,159929,33.94,479787,40.66,4.4
attempt116_hull,1.8,29139,94853,194309,41.24,582927,49.4,5.25
attempt117_hull,3.0,9609,28155,57676,12.24,173028,14.66,1.56
attempt117_hull,2.0,23778,77700,159171,33.78,477513,40.47,7.05
attempt117_hull,1.8,29085,94479,193543,41.08,580629,49.21,5.25
attempt117_star,3.0,9795,28338,58051,12.32,174153,14.76,1.63
attempt117_star,2.0,23853,77342,158437,33.63,475311,40.28,4.44
attempt117_star,1.8,29346,94995,194600,41.3,583800,49.47,5.4
attempt118_hull,3.0,9586,28115,57594,12.22,172782,14.64,1.65
attempt118_hull,2.0,23349,76474,156659,33.25,469977,39.83,4.35
attempt118_hull,1.8,28798,93825,192203,40.79,576609,48.87,5.23
attempt118_star,3.0,9820,28467,58315,12.38,174945,14.83,4.31
attempt118_star,2.0,23875,77639,159046,33.76,477138,40.44,4.44
attempt118_star,1.8,29131,94459,193502,41.07,580506,49.2,5.42
attempt119_hull,3.0,9655,28283,57939,12.3,173817,14.73,1.59
attempt119_hull,2.0,23735,77607,158980,33.74,476940,40.42,4.34
attempt119_hull,1.8,29147,94825,194252,41.23,582756,49.39,5.31
attempt11_hull,3.0,9784,28635,58660,12.45,175980,14.91,1.6
attempt11_hull,2.0,23784,77733,159238,33.8,477714,40.48,4.37
attempt11_hull,1.8,29102,94574,193738,41.12,581214,49.26,7.98
attempt11_star,3.0,9708,28277,57926,12.29,173778,14.73,1.63
attempt11_star,2.0,23866,77821,159419,33.84,478257,40.53,4.41
attempt11_star,1.8,29244,94876,194356,41.25,583068,49.41,5.31
attempt120_hull,3.0,9569,28042,57445,12.19,172335,14.6,1.54
attempt120_hull,2.0,23503,76901,157534,33.44,472602,40.05,4.44
attempt120_hull,1.8,28830,94001,192564,40.87,577692,48.96,5.34
attempt121_hull,3.0,9612,28109,57582,12.22,172746,14.64,1.57
attempt121_hull,2.0,23757,77581,158927,33.73,476781,40.41,4.36
attempt121_hull,1.8,28984,94222,193016,40.97,579048,49.07,5.3
attempt121_star,3.0,9617,28111,57586,12.22,172758,14.64,1.6
attempt121_star,2.0,23857,78012,159810,33.92,479430,40.63,4.34
attempt121_star,1.8,29122,94721,194039,41.18,582117,49.33,5.56
attempt122_hull,3.0,9664,28206,57781,12.26,173343,14.69,5.46
attempt122_hull,2.0,23757,77561,158886,33.72,476658,40.39,4.44
attempt122_hull,1.8,29028,94378,193336,41.03,580008,49.15,5.32
attempt122_star,3.0,9851,28734,58862,12.49,176586,14.96,1.63
attempt122_star,2.0,23802,77444,158646,33.67,475938,40.33,4.39
attempt122_star,1.8,29165,94736,194069,41.19,582207,49.34,5.35
attempt123_hull,3.0,9711,28389,58156,12.34,174468,14.79,1.55
attempt123_hull,2.0,23745,77468,158695,33.68,476085,40.35,4.33
attempt123_hull,1.8,28973,94196,192963,40.95,578889,49.06,7.91
attempt123_star,3.0,9809,28427,58234,12.36,174702,14.81,1.63
attempt123_star,2.0,23986,77969,159722,33.9,479166,40.61,4.5
attempt123_star,1.8,29094,94255,193084,40.98,579252,49.09,5.4
attempt124_hull,3.0,9434,27644,56630,12.02,169890,14.4,1.54
attempt124_hull,2.0,23397,76615,156948,33.31,470844,39.9,4.57
attempt124_hull,1.8,28618,93290,191107,40.56,573321,48.59,5.24
attempt124_star,3.0,9591,28009,57377,12.18,172131,14.59,1.59
attempt124_star,2.0,23704,77373,158501,33.64,475503,40.3,4.39
attempt124_star,1.8,28848,93776,192103,40.77,576309,48.84,8.02
attempt125_hull,3.0,9702,28386,58150,12.34,174450,14.78,1.6
attempt125_hull,2.0,23779,77651,159070,33.76,477210,40.44,4.37
attempt125_hull,1.8,28984,94362,193303,41.03,579909,49.14,5.23
attempt125_star,3.0,9775,28399,58176,12.35,174528,14.79,1.64
attempt125_star,2.0,23783,77361,158476,33.64,475428,40.29,4.45
attempt125_star,1.8,29096,94403,193387,41.04,580161,49.17,5.46
attempt126_hull,3.0,9683,28327,58029,12.32,174087,14.75,1.59
attempt126_hull,2.0,23880,78057,159902,33.94,479706,40.65,7.02
attempt126_hull,1.8,29040,94560,193709,41.11,581127,49.25,5.3
attempt126_star,3.0,9644,28057,57476,12.2,172428,14.61,1.58
attempt126_star,2.0,23806,77635,159038,33.75,477114,40.43,4.61
attempt126_star,1.8,29061,94333,193244,41.01,579732,49.13,5.29
attempt127_hull,3.0,9615,28195,57758,12.26,173274,14.68,1.54
attempt127_hull,2.0,23589,77150,158044,33.54,474132,40.18,4.18
attempt127_hull,1.8,28838,94019,192601,40.88,577803,48.97,5.13
attempt128_hull,3.0,9623,28190,57748,12.26,173244,14.68,1.53
attempt128_hull,2.0,23595,77182,158110,33.56,474330,40.2,7.47
attempt128_hull,1.8,28929,94159,192887,40.94,578661,49.04,5.19
attempt128_star,3.0,9870,28771,58938,12.51,176814,14.98,1.61
attempt128_star,2.0,23643,77116,157974,33.53,473922,40.16,4.35
attempt128_star,1.8,29040,94310,193197,41.0,579591,49.12,5.32
attempt129_hull,3.0,9586,28052,57465,12.2,172395,14.61,1.53
attempt129_hull,2.0,23793,77733,159238,33.8,477714,40.48,4.25
attempt129_hull,1.8,29044,94573,193736,41.12,581208,49.25,5.21
attempt129_star,3.0,9706,28402,58182,12.35,174546,14.79,1.57
attempt129_star,2.0,23614,77213,158173,33.57,474519,40.21,7.71
attempt129_star,1.8,28964,94289,193154,41.0,579462,49.11,5.23
attempt12_hull,3.0,9482,27762,56871,12.07,170613,14.46,1.61
attempt12_hull,2.0,23533,77006,157749,33.48,473247,40.11,4.3
attempt12_hull,1.8,28831,93930,192418,40.84,577254,48.92,5.23
attempt12_star,3.0,9691,28207,57783,12.26,173349,14.69,1.58
attempt12_star,2.0,23853,77736,159244,33.8,477732,40.49,4.41
attempt12_star,1.8,29222,94885,194375,41.25,583125,49.42,5.5
attempt130_hull,3.0,9521,27771,56890,12.07,170670,14.46,4.41
attempt130_hull,2.0,23719,77317,158386,33.62,475158,40.27,4.3
attempt130_hull,1.8,29054,94406,193393,41.05,580179,49.17,5.24
attempt131_hull,3.0,9713,28407,58193,12.35,174579,14.79,1.56
attempt131_hull,2.0,23867,77868,159515,33.86,478545,40.55,4.34
attempt131_hull,1.8,29153,94827,194256,41.23,582768,49.39,5.55
attempt131_star,3.0,9636,28052,57465,12.2,172395,14.61,1.58
attempt131_star,2.0,23549,76755,157235,33.37,471705,39.98,4.37
attempt131_star,1.8,28873,93590,191722,40.69,575166,48.74,8.2
attempt132_hull,3.0,9562,27932,57220,12.14,171660,14.55,1.53
attempt132_hull,2.0,23611,77034,157806,33.49,473418,40.12,4.31
attempt132_hull,1.8,28831,93751,192052,40.76,576156,48.83,5.46
attempt132_star,3.0,9764,28456,58293,12.37,174879,14.82,1.57
attempt132_star,2.0,23821,77654,159076,33.76,477228,40.44,4.42
attempt132_star,1.8,29800,101589,208108,44.17,624324,52.91,6.4
attempt133_hull,3.0,9486,27749,56845,12.06,170535,14.45,1.52
attempt133_hull,2.0,23583,77178,158101,33.56,474303,40.2,4.56
attempt133_hull,1.8,28919,94110,192787,40.92,578361,49.01,8.01
attempt133_star,3.0,9707,28240,57850,12.28,173550,14.71,1.59
attempt133_star,2.0,23806,77529,158820,33.71,476460,40.38,4.42
attempt133_star,1.8,29119,94457,193498,41.07,580494,49.19,5.32
attempt134_hull,3.0,9574,28078,57519,12.21,172557,14.62,1.56
attempt134_hull,2.0,23419,76617,156952,33.31,470856,39.9,4.22
attempt134_hull,1.8,28629,93378,191288,40.6,573864,48.63,5.19
attempt135_hull,3.0,9622,28135,57635,12.23,172905,14.65,1.57
attempt135_hull,2.0,23784,77761,159296,33.81,477888,40.5,7.23
attempt135_hull,1.8,29138,94793,194186,41.21,582558,49.37,5.28
attempt136_hull,3.0,9691,28359,58094,12.33,174282,14.77,1.56
attempt136_hull,2.0,23594,77094,157929,33.52,473787,40.15,4.33
attempt136_hull,1.8,29015,94465,193514,41.07,580542,49.2,5.29
attempt137_hull,3.0,9612,28107,57578,12.22,172734,14.64,1.54
attempt137_hull,2.0,23563,77045,157829,33.5,473487,40.13,4.31
attempt137_hull,1.8,28957,94235,193043,40.97,579129,49.08,5.22
attempt138_hull,3.0,9669,28267,57906,12.29,173718,14.72,1.58
attempt138_hull,2.0,23780,77677,159124,33.77,477372,40.46,7.19
attempt138_hull,1.8,29071,94576,193742,41.12,581226,49.26,5.17
attempt138_star,3.0,9810,28622,58633,12.44,175899,14.91,1.62
attempt138_star,2.0,23987,78126,160043,33.97,480129,40.69,4.42
attempt138_star,1.8,29333,95274,195172,41.42,585516,49.62,5.34
attempt139_hull,3.0,9634,28206,57781,12.26,173343,14.69,1.54
attempt139_hull,2.0,23606,77110,157962,33.53,473886,40.16,4.25
attempt139_hull,1.8,28915,94112,192791,40.92,578373,49.01,5.22
attempt139_star,3.0,9636,28170,57707,12.25,173121,14.67,1.59
attempt139_star,2.0,23730,77604,158974,33.74,476922,40.42,7.22
attempt139_star,1.8,29022,94479,193543,41.08,580629,49.21,5.56
attempt13_hull,3.0,9513,27873,57099,12.12,171297,14.52,1.56
attempt13_hull,2.0,23515,77021,157780,33.49,473340,40.11,4.29
attempt13_hull,1.8,28708,93608,191759,40.7,575277,48.75,5.19
attempt140_hull,3.0,9622,28139,57644,12.23,172932,14.66,1.59
attempt140_hull,2.0,23516,76977,157690,33.47,473070,40.09,4.28
attempt140_hull,1.8,28966,94246,193066,40.98,579198,49.08,5.24
attempt140_star,3.0,9743,28399,58176,12.35,174528,14.79,4.55
attempt140_star,2.0,23565,76816,157360,33.4,472080,40.01,4.4
attempt140_star,1.8,28854,93856,192267,40.81,576801,48.88,5.59
attempt142_hull,3.0,9494,27839,57029,12.1,171087,14.5,1.64
attempt142_hull,2.0,23813,77833,159443,33.84,478329,40.54,4.31
attempt142_hull,1.8,29064,94608,193807,41.13,581421,49.27,5.35
attempt142_star,3.0,9748,28484,58350,12.38,175050,14.83,1.62
attempt142_star,2.0,23718,77507,158775,33.7,476325,40.37,4.42
attempt142_star,1.8,28915,94136,192840,40.93,578520,49.03,8.51
attempt144_star,3.0,9779,28472,58326,12.38,174978,14.83,1.64
attempt144_star,2.0,23630,76952,157638,33.46,472914,40.08,4.46
attempt144_star,1.8,28870,93800,192152,40.78,576456,48.85,5.31
attempt145_hull,3.0,9580,27955,57267,12.15,171801,14.56,1.55
attempt145_hull,2.0,23820,77733,159238,33.8,477714,40.48,4.41
attempt145_hull,1.8,29032,94191,192953,40.95,578859,49.06,5.19
attempt146_hull,3.0,9605,28137,57639,12.23,172917,14.65,1.57
attempt146_hull,2.0,23725,77672,159113,33.77,477339,40.45,4.36
attempt146_hull,1.8,28872,93975,192511,40.86,577533,48.94,8.12
attempt146_star,3.0,9603,28101,57566,12.22,172698,14.64,1.59
attempt146_star,2.0,23764,77704,159179,33.78,477537,40.47,4.38
attempt146_star,1.8,28874,94020,192603,40.88,577809,48.97,5.3
attempt148_hull,3.0,9677,28357,58090,12.33,174270,14.77,1.58
attempt148_hull,2.0,23597,77168,158081,33.55,474243,40.19,4.27
attempt148_hull,1.8,29041,94446,193475,41.06,580425,49.19,5.2
attempt148_star,3.0,9615,28046,57453,12.19,172359,14.61,1.6
attempt148_star,2.0,23739,77459,158677,33.68,476031,40.34,7.29
attempt148_star,1.8,28862,93861,192277,40.81,576831,48.88,5.41
attempt149_hull,3.0,9493,27740,56826,12.06,170478,14.45,1.58
attempt149_hull,2.0,23738,77596,158958,33.74,476874,40.41,4.33
attempt149_hull,1.8,28919,94111,192789,40.92,578367,49.01,5.23
attempt14_hull,3.0,9647,28236,57842,12.28,173526,14.71,1.58
attempt14_hull,2.0,23767,77723,159218,33.79,477654,40.48,4.28
attempt14_hull,1.8,29161,94965,194539,41.29,583617,49.46,5.21
attempt150_hull,3.0,9699,28396,58170,12.35,174510,14.79,1.61
attempt150_hull,2.0,23531,76972,157679,33.47,473037,40.09,7.18
attempt150_hull,1.8,29175,94987,194584,41.3,583752,49.47,5.32
attempt15_hull,3.0,9630,28247,57865,12.28,173595,14.71,1.61
attempt15_hull,2.0,23448,76829,157386,33.4,472158,40.01,4.3
attempt15_hull,1.8,28675,93388,191308,40.6,573924,48.64,5.2
attempt15_star,3.0,9651,28074,57510,12.21,172530,14.62,1.65
attempt15_star,2.0,23742,77379,158513,33.64,475539,40.3,4.43
attempt15_star,1.8,29145,94565,193719,41.12,581157,49.25,5.42
attempt16_hull,3.0,9600,28121,57607,12.23,172821,14.65,1.58
attempt16_hull,2.0,23433,76650,157020,33.33,471060,39.92,7.25
attempt16_hull,1.8,28752,93583,191707,40.69,575121,48.74,5.21
attempt19_hull,3.0,9606,28102,57568,12.22,172704,14.64,1.59
attempt19_hull,2.0,23767,77605,158976,33.74,476928,40.42,4.26
attempt19_hull,1.8,28861,93832,192218,40.8,576654,48.87,5.15
attempt19_star,3.0,9789,28581,58549,12.43,175647,14.89,1.6
attempt19_star,2.0,23765,77554,158872,33.72,476616,40.39,4.27
attempt19_star,1.8,29161,94774,194147,41.21,582441,49.36,5.33
attempt1_hull,3.0,9802,28472,58326,12.38,174978,14.83,4.62
attempt1_hull,2.0,24029,78071,159931,33.94,479793,40.66,4.36
attempt1_hull,1.8,29371,95034,194680,41.32,584040,49.49,5.33
attempt1_star,3.0,9789,28393,58164,12.34,174492,14.79,1.61
attempt1_star,2.0,24017,78011,159808,33.92,479424,40.63,4.35
attempt1_star,1.8,29418,95173,194965,41.38,584895,49.57,5.3
attempt20_star,3.0,9874,28630,58649,12.45,175947,14.91,1.61
attempt20_star,2.0,24056,78218,160232,34.01,480696,40.74,4.45
attempt20_star,1.8,29405,95280,195184,41.43,585552,49.62,8.34
attempt21_hull,3.0,9532,27889,57131,12.13,171393,14.52,1.55
attempt21_hull,2.0,23513,76830,157388,33.4,472164,40.01,4.26
attempt21_hull,1.8,28900,94185,192941,40.95,578823,49.05,5.22
attempt22_hull,3.0,9712,28431,58242,12.36,174726,14.81,1.57
attempt22_hull,2.0,23653,77321,158394,33.62,475182,40.27,4.32
attempt22_hull,1.8,28931,94204,192980,40.96,578940,49.06,5.21
attempt22_star,3.0,9720,28263,57898,12.29,173694,14.72,1.59
attempt22_star,2.0,23713,77314,158380,33.61,475140,40.27,4.38
attempt22_star,1.8,29003,94171,192912,40.94,578736,49.05,8.33
attempt23_hull,3.0,9561,27962,57281,12.16,171843,14.56,1.56
attempt23_hull,2.0,23549,77017,157772,33.49,473316,40.11,4.37
attempt23_hull,1.8,28888,94022,192607,40.88,577821,48.97,5.28
attempt23_star,3.0,9732,28306,57986,12.31,173958,14.74,1.6
attempt23_star,2.0,23823,77642,159052,33.76,477156,40.44,4.46
attempt23_star,1.8,29113,94536,193660,41.1,580980,49.24,5.31
attempt24_hull,3.0,9618,28169,57705,12.25,173115,14.67,1.59
attempt24_hull,2.0,23567,77064,157868,33.51,473604,40.14,4.31
attempt24_hull,1.8,28982,94261,193096,40.98,579288,49.09,8.36
attempt25_hull,3.0,9642,28091,57545,12.21,172635,14.63,1.54
attempt25_hull,2.0,23803,77529,158820,33.71,476460,40.38,4.33
attempt25_hull,1.8,29125,94429,193441,41.06,580323,49.18,5.29
attempt25_star,3.0,9871,28677,58746,12.47,176238,14.94,1.59
attempt25_star,2.0,23878,77573,158911,33.73,476733,40.4,4.29
attempt25_star,1.8,29414,95185,194989,41.38,584967,49.57,5.3
attempt26_hull,3.0,9535,27924,57203,12.14,171609,14.54,1.53
attempt26_hull,2.0,23574,77114,157970,33.53,473910,40.16,7.28
attempt26_hull,1.8,28742,93649,191843,40.72,575529,48.77,5.17
attempt26_star,3.0,9687,28266,57904,12.29,173712,14.72,1.58
attempt26_star,2.0,23844,77777,159328,33.82,477984,40.51,4.4
attempt26_star,1.8,29152,94761,194121,41.2,582363,49.35,5.29
attempt27_hull,3.0,9567,27965,57287,12.16,171861,14.56,1.51
attempt27_hull,2.0,23689,77414,158585,33.66,475755,40.32,4.24
attempt27_hull,1.8,29024,94508,193602,41.09,580806,49.22,5.32
attempt27_star,3.0,9641,28071,57504,12.2,172512,14.62,1.57
attempt27_star,2.0,23912,77830,159437,33.84,478311,40.53,7.47
attempt27_star,1.8,29260,95045,194702,41.32,584106,49.5,5.3
attempt28_hull,3.0,9657,28265,57902,12.29,173706,14.72,1.55
attempt28_hull,2.0,23713,77467,158693,33.68,476079,40.35,4.2
attempt28_hull,1.8,29204,94941,194489,41.28,583467,49.45,5.17
attempt28_star,3.0,9768,28469,58320,12.38,174960,14.83,1.59
attempt28_star,2.0,23985,78208,160211,34.0,480633,40.73,4.41
attempt28_star,1.8,29229,94926,194459,41.27,583377,49.44,5.41
attempt29_hull,3.0,9533,27892,57138,12.13,171414,14.53,4.7
attempt29_hull,2.0,23650,77356,158466,33.63,475398,40.29,4.4
attempt29_hull,1.8,28733,93635,191814,40.71,575442,48.77,5.33
attempt29_star,3.0,9682,28235,57840,12.28,173520,14.71,1.62
attempt29_star,2.0,23777,77571,158906,33.73,476718,40.4,4.34
attempt29_star,1.8,29061,94491,193568,41.08,580704,49.21,5.38
attempt2_hull,3.0,9811,28704,58801,12.48,176403,14.95,1.62
attempt2_hull,2.0,23803,77724,159220,33.79,477660,40.48,4.27
attempt2_hull,1.8,29179,94824,194250,41.23,582750,49.39,8.0
attempt2_star,3.0,9830,28646,58682,12.45,176046,14.92,1.61
attempt2_star,2.0,23994,78169,160131,33.99,480393,40.71,4.48
attempt2_star,1.8,29357,95099,194813,41.35,584439,49.53,5.36
attempt30_hull,3.0,9598,28114,57592,12.22,172776,14.64,1.54
attempt30_hull,2.0,23569,77090,157921,33.52,473763,40.15,4.21
attempt30_hull,1.8,28921,94138,192844,40.93,578532,49.03,5.09
attempt31_star,3.0,9634,27840,57031,12.1,171093,14.5,1.58
attempt31_star,2.0,23755,77208,158163,33.57,474489,40.21,4.43
attempt31_star,1.8,29157,94330,193238,41.01,579714,49.13,8.79
attempt32_hull,3.0,9514,27844,57039,12.11,171117,14.5,1.64
attempt32_hull,2.0,23401,76619,156956,33.31,470868,39.9,4.63
attempt32_hull,1.8,28694,93648,191841,40.72,575523,48.77,5.38
attempt33_hull,3.0,9770,28366,58109,12.33,174327,14.77,1.6
attempt33_hull,2.0,23835,77560,158884,33.72,476652,40.39,4.24
attempt33_hull,1.8,29452,95411,195452,41.48,586356,49.69,5.19
attempt33_star,3.0,9709,28148,57662,12.24,172986,14.66,1.54
attempt33_star,2.0,24047,78129,160050,33.97,480150,40.69,4.25
attempt33_star,1.8,29404,95184,194987,41.38,584961,49.57,7.76
attempt34_hull,3.0,9704,28360,58096,12.33,174288,14.77,1.56
attempt34_hull,2.0,23747,77525,158812,33.71,476436,40.38,4.24
attempt34_hull,1.8,29073,94611,193813,41.14,581439,49.27,5.14
attempt34_star,3.0,9689,28260,57891,12.29,173673,14.72,1.54
attempt34_star,2.0,23910,77920,159621,33.88,478863,40.58,4.27
attempt34_star,1.8,29139,94651,193895,41.15,581685,49.3,5.26
attempt35_hull,3.0,9691,28409,58197,12.35,174591,14.8,1.55
attempt35_hull,2.0,23839,77858,159494,33.85,478482,40.55,7.67
attempt35_hull,1.8,29159,94958,194524,41.29,583572,49.46,5.74
attempt35_star,3.0,9605,28071,57504,12.2,172512,14.62,1.69
attempt35_star,2.0,23731,77537,158837,33.71,476511,40.38,4.41
attempt35_star,1.8,28916,94095,192756,40.91,578268,49.01,5.3
attempt36_hull,3.0,9595,28100,57564,12.22,172692,14.63,1.54
attempt36_hull,2.0,23660,77254,158257,33.59,474771,40.23,4.23
attempt36_hull,1.8,29049,94627,193846,41.14,581538,49.28,5.27
attempt36_star,3.0,9565,27895,57144,12.13,171432,14.53,1.55
attempt36_star,2.0,23743,77441,158640,33.67,475920,40.33,6.96
attempt36_star,1.8,28916,93997,192556,40.87,577668,48.95,5.24
attempt37_hull,3.0,9608,28096,57555,12.22,172665,14.63,1.53
attempt37_hull,2.0,23525,77045,157829,33.5,473487,40.13,4.2
attempt37_hull,1.8,28709,93504,191546,40.65,574638,48.7,5.13
attempt37_star,3.0,9715,28253,57877,12.28,173631,14.71,1.58
attempt37_star,2.0,23921,78011,159808,33.92,479424,40.63,4.42
attempt37_star,1.8,29134,94526,193639,41.1,580917,49.23,5.41
attempt38_hull,3.0,9620,28153,57672,12.24,173016,14.66,1.56
attempt38_hull,2.0,23681,77431,158620,33.67,475860,40.33,7.89
attempt38_hull,1.8,28913,94090,192746,40.91,578238,49.0,5.17
attempt3_hull,3.0,9682,28235,57840,12.28,173520,14.71,1.55
attempt3_hull,2.0,23909,78012,159810,33.92,479430,40.63,4.25
attempt3_hull,1.8,29148,94681,193957,41.17,581871,49.31,5.17
attempt3_star,3.0,9921,28835,59069,12.54,177207,15.02,1.59
attempt3_star,2.0,23812,77305,158362,33.61,475086,40.26,4.28
attempt3_star,1.8,29230,94658,193910,41.16,581730,49.3,5.54
attempt40_hull,3.0,9558,27965,57287,12.16,171861,14.56,4.74
attempt40_hull,2.0,23480,76794,157315,33.39,471945,40.0,4.43
attempt40_hull,1.8,28729,93624,191791,40.71,575373,48.76,5.13
attempt40_star,3.0,9713,28319,58012,12.31,174036,14.75,1.61
attempt40_star,2.0,23676,77217,158181,33.57,474543,40.22,4.41
attempt40_star,1.8,29054,94288,193152,40.99,579456,49.11,5.4
attempt41_hull,3.0,9695,28339,58053,12.32,174159,14.76,1.54
attempt41_hull,2.0,23973,78237,160271,34.02,480813,40.75,4.25
attempt41_hull,1.8,29310,95301,195227,41.44,585681,49.63,8.52
attempt41_star,3.0,9740,28476,58334,12.38,175002,14.83,1.62
attempt41_star,2.0,24008,78331,160463,34.06,481389,40.8,4.35
attempt41_star,1.8,29376,95561,195759,41.55,587277,49.77,5.22
attempt42_hull,3.0,9644,28132,57629,12.23,172887,14.65,1.51
attempt42_hull,2.0,23678,77313,158378,33.61,475134,40.27,4.21
attempt42_hull,1.8,29071,94555,193699,41.11,581097,49.25,5.11
attempt42_star,3.0,9724,28210,57789,12.27,173367,14.69,1.55
attempt42_star,2.0,23780,77228,158204,33.58,474612,40.22,4.3
attempt42_star,1.8,29089,94239,193051,40.97,579153,49.08,8.64
attempt43_hull,3.0,9633,28136,57637,12.23,172911,14.65,1.69
attempt43_hull,2.0,23659,77335,158423,33.62,475269,40.28,4.33
attempt43_hull,1.8,28826,93861,192277,40.81,576831,48.88,5.15
attempt43_star,3.0,9712,28391,58160,12.34,174480,14.79,1.57
attempt43_star,2.0,23783,77722,159216,33.79,477648,40.48,4.41
attempt43_star,1.8,29028,94491,193568,41.08,580704,49.21,5.18
attempt44_hull,3.0,9747,28521,58426,12.4,175278,14.85,1.64
attempt44_hull,2.0,23782,77784,159343,33.82,478029,40.51,4.32
attempt44_hull,1.8,29080,94580,193750,41.12,581250,49.26,8.62
attempt44_star,3.0,9595,27984,57326,12.17,171978,14.57,1.56
attempt44_star,2.0,23628,77100,157942,33.52,473826,40.15,4.24
attempt44_star,1.8,29018,94341,193260,41.02,579780,49.13,5.33
attempt45_hull,3.0,9635,28210,57789,12.27,173367,14.69,1.55
attempt45_hull,2.0,23744,77701,159173,33.78,477519,40.47,4.2
attempt45_hull,1.8,29051,94543,193674,41.11,581022,49.24,5.22
attempt45_star,3.0,9730,28384,58145,12.34,174435,14.78,1.59
attempt45_star,2.0,23744,77432,158622,33.67,475866,40.33,7.62
attempt45_star,1.8,29192,94851,194305,41.24,582915,49.4,5.47
attempt46_hull,3.0,9705,28412,58203,12.35,174609,14.8,1.55
attempt46_hull,2.0,23622,77227,158202,33.58,474606,40.22,4.23
attempt46_hull,1.8,28886,94102,192771,40.91,578313,49.01,5.17
attempt46_star,3.0,9809,28565,58516,12.42,175548,14.88,1.67
attempt46_star,2.0,23722,77288,158327,33.6,474981,40.25,4.3
attempt46_star,1.8,29011,94181,192933,40.95,578799,49.05,5.27
attempt48_hull,3.0,9598,28123,57611,12.23,172833,14.65,1.56
attempt48_hull,2.0,23411,76609,156936,33.31,470808,39.9,7.67
attempt48_hull,1.8,28695,93510,191558,40.66,574674,48.7,5.25
attempt49_hull,3.0,9801,28677,58746,12.47,176238,14.94,1.57
attempt49_hull,2.0,23884,77962,159707,33.9,479121,40.6,4.28
attempt49_hull,1.8,29038,94447,193477,41.06,580431,49.19,5.16
attempt49_star,3.0,9567,27973,57304,12.16,171912,14.57,1.55
attempt49_star,2.0,23731,77509,158779,33.7,476337,40.37,4.28
attempt49_star,1.8,29140,94736,194069,41.19,582207,49.34,5.2
attempt4_hull,3.0,9554,27911,57176,12.14,171528,14.54,4.72
attempt4_hull,2.0,23758,77560,158884,33.72,476652,40.39,4.4
attempt4_hull,1.8,29068,94541,193670,41.1,581010,49.24,5.24
attempt4_star,3.0,9717,28279,57930,12.3,173790,14.73,1.56
attempt4_star,2.0,23805,77536,158835,33.71,476505,40.38,4.37
attempt4_star,1.8,29105,94591,193772,41.13,581316,49.26,5.32
attempt50_hull,3.0,9586,28035,57431,12.19,172293,14.6,1.55
attempt50_hull,2.0,23792,77688,159146,33.78,477438,40.46,4.3
attempt50_hull,1.8,29096,94733,194063,41.19,582189,49.34,7.98
attempt50_star,3.0,9755,28528,58440,12.4,175320,14.86,1.58
attempt50_star,2.0,23828,77773,159320,33.81,477960,40.51,4.54
attempt50_star,1.8,29215,95025,194661,41.32,583983,49.49,5.33
attempt51_hull,3.0,9693,28212,57793,12.27,173379,14.69,1.58
attempt51_hull,2.0,23681,77061,157862,33.5,473586,40.13,4.23
attempt51_hull,1.8,29004,94106,192779,40.92,578337,49.01,5.21
attempt51_star,3.0,9603,27871,57095,12.12,171285,14.52,1.56
attempt51_star,2.0,23582,76726,157175,33.36,471525,39.96,4.33
attempt51_star,1.8,28960,93775,192101,40.77,576303,48.84,8.11
attempt52_hull,3.0,9574,27986,57330,12.17,171990,14.58,1.55
attempt52_hull,2.0,23514,76894,157520,33.43,472560,40.05,4.32
attempt52_hull,1.8,28953,94166,192902,40.94,578706,49.04,5.47
attempt52_star,3.0,9751,28399,58176,12.35,174528,14.79,1.61
attempt52_star,2.0,23618,77048,157835,33.5,473505,40.13,4.33
attempt52_star,1.8,29026,94250,193074,40.98,579222,49.09,5.32
attempt53_hull,3.0,9676,28309,57992,12.31,173976,14.74,1.6
attempt53_hull,2.0,23904,78083,159955,33.95,479865,40.67,4.44
attempt53_hull,1.8,28946,94202,192976,40.96,578928,49.06,8.11
attempt53_star,3.0,9655,28081,57525,12.21,172575,14.62,1.6
attempt53_star,2.0,23939,77848,159474,33.85,478422,40.54,4.5
attempt53_star,1.8,29043,94234,193041,40.97,579123,49.08,5.39
attempt54_hull,3.0,9462,27699,56742,12.04,170226,14.43,1.55
attempt54_hull,2.0,23443,76747,157218,33.37,471654,39.97,4.46
attempt54_hull,1.8,28694,93480,191496,40.64,574488,48.69,5.22
attempt54_star,3.0,9614,27984,57326,12.17,171978,14.57,1.67
attempt54_star,2.0,23726,77273,158296,33.6,474888,40.24,7.25
attempt54_star,1.8,28854,93667,191880,40.72,575640,48.78,5.37
attempt56_star,3.0,9633,27981,57320,12.17,171960,14.57,1.63
attempt56_star,2.0,23651,77032,157802,33.49,473406,40.12,4.44
attempt56_star,1.8,28779,93402,191337,40.61,574011,48.65,5.39
attempt57_hull,3.0,9659,28202,57773,12.26,173319,14.69,1.6
attempt57_hull,2.0,23854,77943,159668,33.89,479004,40.59,4.43
attempt57_hull,1.8,29290,95132,194881,41.36,584643,49.55,5.4
attempt57_star,3.0,9810,28635,58660,12.45,175980,14.91,1.63
attempt57_star,2.0,23843,77795,159365,33.82,478095,40.52,7.21
attempt57_star,1.8,29160,94712,194020,41.18,582060,49.33,5.42
attempt58_hull,3.0,9593,28075,57512,12.21,172536,14.62,1.63
attempt58_hull,2.0,23577,77182,158110,33.56,474330,40.2,4.32
attempt58_hull,1.8,28939,94129,192826,40.93,578478,49.02,5.29
attempt59_hull,3.0,9655,28200,57769,12.26,173307,14.69,1.54
attempt59_hull,2.0,23829,77740,159253,33.8,477759,40.49,4.41
attempt59_hull,1.8,29108,94656,193906,41.15,581718,49.3,5.24
attempt59_star,3.0,9792,28344,58064,12.32,174192,14.76,4.45
attempt59_star,2.0,23962,77827,159431,33.84,478293,40.53,4.42
attempt59_star,1.8,29259,94786,194172,41.21,582516,49.37,5.26
attempt60_hull,3.0,9794,28678,58748,12.47,176244,14.94,1.61
attempt60_hull,2.0,23751,77661,159091,33.77,477273,40.45,4.37
attempt60_hull,1.8,29082,94644,193881,41.15,581643,49.29,5.3
attempt61_hull,3.0,9634,28150,57666,12.24,172998,14.66,1.59
attempt61_hull,2.0,23687,77507,158775,33.7,476325,40.37,4.36
attempt61_hull,1.8,29022,94490,193565,41.08,580695,49.21,8.03
attempt61_star,3.0,9835,28678,58748,12.47,176244,14.94,1.62
attempt61_star,2.0,23812,77584,158933,33.73,476799,40.41,4.4
attempt61_star,1.8,29001,94198,192967,40.96,578901,49.06,5.34
attempt62_hull,3.0,9632,28219,57807,12.27,173421,14.7,1.59
attempt62_hull,2.0,23594,77219,158185,33.57,474555,40.22,4.52
attempt62_hull,1.8,28794,93854,192263,40.81,576789,48.88,5.29
attempt62_star,3.0,9608,28112,57588,12.22,172764,14.64,1.62
attempt62_star,2.0,23603,77264,158278,33.59,474834,40.24,4.36
attempt62_star,1.8,28796,93791,192134,40.78,576402,48.85,8.13
attempt63_hull,3.0,9654,28297,57967,12.3,173901,14.74,1.64
attempt63_hull,2.0,23873,78020,159826,33.92,479478,40.63,4.42
attempt63_hull,1.8,29009,94445,193473,41.06,580419,49.19,5.38
attempt64_hull,3.0,9597,28108,57580,12.22,172740,14.64,1.56
attempt64_hull,2.0,23637,77342,158437,33.63,475311,40.28,4.33
attempt64_hull,1.8,28928,94190,192951,40.95,578853,49.06,5.2
attempt64_star,3.0,9794,28421,58221,12.36,174663,14.8,1.63
attempt64_star,2.0,23794,77375,158505,33.64,475515,40.3,7.31
attempt64_star,1.8,28876,93566,191673,40.68,575019,48.73,5.32
attempt65_hull,3.0,9669,28296,57965,12.3,173895,14.74,1.59
attempt65_hull,2.0,23954,78252,160301,34.02,480903,40.75,4.35
attempt65_hull,1.8,29225,95138,194893,41.36,584679,49.55,5.29
attempt65_star,3.0,9643,28301,57975,12.3,173925,14.74,1.59
attempt65_star,2.0,23910,78068,159925,33.94,479775,40.66,4.54
attempt65_star,1.8,29268,95261,195145,41.42,585435,49.61,5.37
attempt66_hull,3.0,9707,28310,57994,12.31,173982,14.74,1.59
attempt66_hull,2.0,23750,77416,158589,33.66,475767,40.32,7.06
attempt66_hull,1.8,29037,94446,193475,41.06,580425,49.19,5.31
attempt67_hull,3.0,9602,28071,57504,12.2,172512,14.62,1.55
attempt67_hull,2.0,23606,77210,158167,33.57,474501,40.21,4.29
attempt67_hull,1.8,28887,93982,192525,40.86,577575,48.95,5.19
attempt67_star,3.0,9693,28079,57521,12.21,172563,14.62,1.58
attempt67_star,2.0,23855,77435,158628,33.67,475884,40.33,4.4
attempt67_star,1.8,29096,94182,192935,40.95,578805,49.05,5.34
attempt6_hull,3.0,9657,28285,57943,12.3,173829,14.73,1.56
attempt6_hull,2.0,23708,77510,158781,33.7,476343,40.37,7.12
attempt6_hull,1.8,28911,94234,193041,40.97,579123,49.08,5.61
attempt6_star,3.0,9657,28049,57459,12.2,172377,14.61,1.58
attempt6_star,2.0,23716,77222,158192,33.57,474576,40.22,4.41
attempt6_star,1.8,28991,94031,192625,40.88,577875,48.97,5.34
attempt70_hull,3.0,9526,27893,57140,12.13,171420,14.53,1.56
attempt70_hull,2.0,23538,76922,157577,33.44,472731,40.06,4.28
attempt70_hull,1.8,28907,94176,192922,40.95,578766,49.05,5.29
attempt70_star,3.0,9699,28098,57560,12.22,172680,14.63,4.42
attempt70_star,2.0,23752,77190,158126,33.56,474378,40.2,4.62
attempt70_star,1.8,29049,94074,192713,40.9,578139,48.99,5.42
attempt72_star,3.0,9739,28378,58133,12.34,174399,14.78,1.65
attempt72_star,2.0,23623,77071,157882,33.51,473646,40.14,4.43
attempt72_star,1.8,28873,93800,192152,40.78,576456,48.85,5.54
attempt74_hull,3.0,9555,27941,57238,12.15,171714,14.55,1.69
attempt74_hull,2.0,23710,77603,158972,33.74,476916,40.42,4.47
attempt74_hull,1.8,28933,94127,192822,40.92,578466,49.02,8.3
attempt74_star,3.0,9513,27760,56867,12.07,170601,14.46,1.54
attempt74_star,2.0,23456,76538,156790,33.28,470370,39.86,4.22
attempt74_star,1.8,28835,93771,192093,40.77,576279,48.84,5.28
attempt75_hull,3.0,9620,28154,57674,12.24,173022,14.66,1.64
attempt75_hull,2.0,23800,77790,159355,33.82,478065,40.51,4.37
attempt75_hull,1.8,29089,94685,193965,41.17,581895,49.31,5.4
attempt75_star,3.0,9590,28114,57592,12.22,172776,14.64,1.6
attempt75_star,2.0,23824,77885,159550,33.86,478650,40.56,4.46
attempt75_star,1.8,29051,94635,193863,41.15,581589,49.29,8.51
attempt76_hull,3.0,9587,28004,57367,12.18,172101,14.58,1.57
attempt76_hull,2.0,23479,76726,157175,33.36,471525,39.96,4.28
attempt76_hull,1.8,28840,93916,192390,40.83,577170,48.91,5.21
attempt77_hull,3.0,9598,28115,57594,12.22,172782,14.64,1.58
attempt77_hull,2.0,23342,76456,156622,33.24,469866,39.82,4.34
attempt77_hull,1.8,28692,93494,191525,40.65,574575,48.69,5.3
attempt77_star,3.0,9614,28013,57385,12.18,172155,14.59,1.6
attempt77_star,2.0,23712,77462,158683,33.68,476049,40.34,7.41
attempt77_star,1.8,28900,93960,192480,40.85,577440,48.94,5.31
attempt78_hull,3.0,9623,28186,57740,12.25,173220,14.68,1.58
attempt78_hull,2.0,23759,77724,159220,33.79,477660,40.48,4.38
attempt78_hull,1.8,29124,94795,194190,41.22,582570,49.37,5.28
attempt79_hull,3.0,9630,28171,57709,12.25,173127,14.67,1.56
attempt79_hull,2.0,23700,77412,158581,33.66,475743,40.32,4.32
attempt79_hull,1.8,29053,94592,193774,41.13,581322,49.26,5.3
attempt79_star,3.0,9815,28400,58178,12.35,174534,14.79,1.65
attempt79_star,2.0,23875,77442,158642,33.67,475926,40.33,7.43
attempt79_star,1.8,29028,93867,192289,40.81,576867,48.89,5.4
attempt7_hull,3.0,9678,28261,57893,12.29,173679,14.72,1.59
attempt7_hull,2.0,23512,76894,157520,33.43,472560,40.05,4.4
attempt7_hull,1.8,28929,94274,193123,40.99,579369,49.1,5.26
attempt80_hull,3.0,9469,27714,56773,12.05,170319,14.43,1.54
attempt80_hull,2.0,23433,76629,156977,33.32,470931,39.91,4.3
attempt80_hull,1.8,29086,94700,193996,41.17,581988,49.32,5.52
attempt80_star,3.0,9571,27866,57084,12.12,171252,14.51,4.44
attempt80_star,2.0,23525,76843,157415,33.41,472245,40.02,4.43
attempt80_star,1.8,28875,93861,192277,40.81,576831,48.88,5.38
attempt81_hull,3.0,9658,28261,57893,12.29,173679,14.72,1.55
attempt81_hull,2.0,23836,77842,159462,33.84,478386,40.54,4.28
attempt81_hull,1.8,29148,94768,194135,41.2,582405,49.36,5.28
attempt81_star,3.0,9643,28250,57871,12.28,173613,14.71,1.58
attempt81_star,2.0,23730,77459,158677,33.68,476031,40.34,4.35
attempt81_star,1.8,29099,94749,194096,41.2,582288,49.35,8.39
attempt82_hull,3.0,9607,28123,57611,12.23,172833,14.65,1.55
attempt82_hull,2.0,23579,77064,157868,33.51,473604,40.14,4.31
attempt82_hull,1.8,29100,94707,194010,41.18,582030,49.32,5.33
attempt82_star,3.0,9692,28359,58094,12.33,174282,14.77,1.55
attempt82_star,2.0,23639,77301,158353,33.61,475059,40.26,4.35
attempt82_star,1.8,29059,94559,193707,41.11,581121,49.25,5.27
attempt83_hull,3.0,9496,27807,56963,12.09,170889,14.48,1.53
attempt83_hull,2.0,23434,76661,157042,33.33,471126,39.93,4.27
attempt83_hull,1.8,28855,93930,192418,40.84,577254,48.92,8.21
attempt83_star,3.0,9488,27718,56781,12.05,170343,14.44,1.54
attempt83_star,2.0,23487,76771,157268,33.38,471804,39.98,4.35
attempt83_star,1.8,28841,93876,192308,40.82,576924,48.89,5.25
attempt84_hull,3.0,9711,28324,58023,12.31,174069,14.75,1.58
attempt84_hull,2.0,23764,77526,158814,33.71,476442,40.38,4.3
attempt84_hull,1.8,29079,94485,193555,41.08,580665,49.21,5.25
attempt84_star,3.0,9741,28446,58272,12.37,174816,14.81,1.59
attempt84_star,2.0,23754,77453,158665,33.68,475995,40.34,4.34
attempt84_star,1.8,29245,95007,194625,41.31,583875,49.48,8.41
attempt85_hull,3.0,9609,28091,57545,12.21,172635,14.63,1.54
attempt85_hull,2.0,23700,77512,158786,33.7,476358,40.37,4.29
attempt85_hull,1.8,29017,94563,193715,41.11,581145,49.25,5.28
attempt86_hull,3.0,9561,28022,57404,12.18,172212,14.59,1.57
attempt86_hull,2.0,23580,77165,158075,33.55,474225,40.19,4.27
attempt86_hull,1.8,28824,93911,192379,40.83,577137,48.91,5.28
attempt86_star,3.0,9746,28360,58096,12.33,174288,14.77,1.59
attempt86_star,2.0,23854,77802,159380,33.83,478140,40.52,7.47
attempt86_star,1.8,29029,94310,193197,41.0,579591,49.12,5.31
attempt87_hull,3.0,9712,28413,58205,12.35,174615,14.8,1.56
attempt87_hull,2.0,23643,77281,158312,33.6,474936,40.25,4.27
attempt87_hull,1.8,29002,94459,193502,41.07,580506,49.2,5.18
attempt88_hull,3.0,9591,28083,57529,12.21,172587,14.63,1.61
attempt88_hull,2.0,23672,77420,158597,33.66,475791,40.32,4.32
attempt88_hull,1.8,28917,94205,192982,40.96,578946,49.06,5.23
attempt88_star,3.0,9757,28291,57955,12.3,173865,14.73,1.68
attempt88_star,2.0,23994,77937,159656,33.89,478968,40.59,7.88
attempt88_star,1.8,29063,94119,192805,40.92,578415,49.02,5.47
attempt89_hull,3.0,9647,28117,57598,12.22,172794,14.64,1.57
attempt89_hull,2.0,23646,77041,157821,33.5,473463,40.12,4.19
attempt89_hull,1.8,29094,94343,193264,41.02,579792,49.13,5.13
attempt8_hull,3.0,9629,28233,57836,12.28,173508,14.7,1.51
attempt8_hull,2.0,23500,76943,157620,33.45,472860,40.07,4.3
attempt8_hull,1.8,28812,93835,192224,40.8,576672,48.87,5.21
attempt90_star,3.0,9867,28577,58541,12.42,175623,14.88,1.6
attempt90_star,2.0,23971,77771,159316,33.81,477948,40.5,7.72
attempt90_star,1.8,29480,95236,195094,41.41,585282,49.6,5.53
attempt92_hull,3.0,9647,28206,57781,12.26,173343,14.69,1.61
attempt92_hull,2.0,23876,78036,159859,33.93,479577,40.64,4.37
attempt92_hull,1.8,29144,94823,194248,41.23,582744,49.39,5.2
attempt93_hull,3.0,9627,28181,57730,12.25,173190,14.68,1.52
attempt93_hull,2.0,23608,77252,158253,33.59,474759,40.23,4.24
attempt93_hull,1.8,28880,93956,192472,40.85,577416,48.93,5.09
attempt93_star,3.0,9590,27965,57287,12.16,171861,14.56,4.51
attempt93_star,2.0,23570,76977,157690,33.47,473070,40.09,4.41
attempt93_star,1.8,28966,94145,192859,40.93,578577,49.03,5.3
attempt94_hull,3.0,9525,27851,57054,12.11,171162,14.51,1.64
attempt94_hull,2.0,23435,76603,156923,33.31,470769,39.9,4.48
attempt94_hull,1.8,28775,93597,191736,40.69,575208,48.75,5.16
attempt95_hull,3.0,9568,28021,57402,12.18,172206,14.59,1.56
attempt95_hull,2.0,23545,77040,157819,33.5,473457,40.12,4.27
attempt95_hull,1.8,28836,94049,192662,40.89,577986,48.98,8.66
attempt96_hull,3.0,9719,28461,58303,12.37,174909,14.82,1.71
attempt96_hull,2.0,23711,77556,158876,33.72,476628,40.39,4.64
attempt96_hull,1.8,29106,94824,194250,41.23,582750,49.39,5.54
attempt97_hull,3.0,9651,28236,57842,12.28,173526,14.71,1.54
attempt97_hull,2.0,23943,78167,160127,33.99,480381,40.71,4.32
attempt97_hull,1.8,29112,94710,194016,41.18,582048,49.33,5.21
attempt97_star,3.0,9758,28500,58383,12.39,175149,14.84,1.59
attempt97_star,2.0,23835,77615,158997,33.75,476991,40.42,4.28
attempt97_star,1.8,29287,95072,194758,41.34,584274,49.51,7.71
attempt98_hull,3.0,9823,28632,58653,12.45,175959,14.91,1.56
attempt98_hull,2.0,23847,77576,158917,33.73,476751,40.4,4.32
attempt98_hull,1.8,29076,94369,193318,41.03,579954,49.15,5.13
attempt99_hull,3.0,9575,27921,57197,12.14,171591,14.54,1.53
attempt99_hull,2.0,23828,77700,159171,33.78,477513,40.47,4.31
attempt99_hull,1.8,29045,94407,193395,41.05,580185,49.17,5.19
attempt99_star,3.0,9737,28244,57859,12.28,173577,14.71,1.58
attempt99_star,2.0,23822,77407,158570,33.66,475710,40.31,4.44
attempt99_star,1.8,29106,94367,193314,41.03,579942,49.15,9.22
attempt9_hull,3.0,9648,28179,57725,12.25,173175,14.68,1.69
attempt9_hull,2.0,23491,76761,157247,33.37,471741,39.98,4.31
attempt9_hull,1.8,28876,93932,192422,40.84,577266,48.92,5.26
attempt9_star,3.0,9620,28102,57568,12.22,172704,14.64,1.51
attempt9_star,2.0,23498,76698,157118,33.35,471354,39.95,4.22
attempt9_star,1.8,28930,94049,192662,40.89,577986,48.98,5.16
