tag,maxh,status,n_solids,n_faces,linear_nodes,tets,gen_time_s
attempt100_hull,3.0,ok,1,30,9639,28150,1.55
attempt100_hull,2.0,ok,1,30,23599,76960,4.16
attempt100_hull,1.8,ok,1,30,28920,93943,4.96
attempt100_star,3.0,ok,1,50,9746,28369,1.56
attempt100_star,2.0,ok,1,50,23960,77929,4.24
attempt100_star,1.8,ok,1,50,29280,94844,5.14
attempt101_hull,3.0,ok,1,42,9630,28201,1.54
attempt101_hull,2.0,ok,1,42,23762,77677,7.66
attempt101_hull,1.8,ok,1,42,28989,94454,5.51
attempt101_star,3.0,ok,1,54,9670,27979,1.61
attempt101_star,2.0,ok,1,54,23740,77108,4.29
attempt101_star,1.8,ok,1,54,29041,93941,5.23
attempt102_hull,3.0,ok,1,46,9704,28381,1.58
attempt102_hull,2.0,ok,1,46,23555,76836,4.24
attempt102_hull,1.8,ok,1,46,28976,94208,5.19
attempt102_star,3.0,ok,1,58,9632,28055,1.59
attempt102_star,2.0,ok,1,58,23706,77318,7.48
attempt102_star,1.8,ok,1,58,28822,93602,5.4
attempt103_hull,3.0,ok,1,42,9693,28370,1.54
attempt103_hull,2.0,ok,1,42,23620,77161,4.22
attempt103_hull,1.8,ok,1,42,29001,94484,5.11
attempt104_hull,3.0,ok,1,38,9801,28706,1.57
attempt104_hull,2.0,ok,1,38,23924,78125,4.28
attempt104_hull,1.8,ok,1,38,29195,94881,5.34
attempt104_star,3.0,ok,1,66,9738,28226,1.62
attempt104_star,2.0,ok,1,66,23861,77463,7.79
attempt104_star,1.8,ok,1,66,29082,94314,5.35
attempt105_hull,3.0,ok,1,38,9740,28489,1.56
attempt105_hull,2.0,ok,1,38,23669,77339,4.31
attempt105_hull,1.8,ok,1,38,29179,94941,5.25
attempt106_hull,3.0,ok,1,38,9661,28284,1.54
attempt106_hull,2.0,ok,1,38,23571,77112,4.23
attempt106_hull,1.8,ok,1,38,28889,94172,5.24
attempt106_star,3.0,ok,1,42,9661,28295,4.78
attempt106_star,2.0,ok,1,42,23583,77102,4.46
attempt106_star,1.8,ok,1,42,28864,94066,5.37
attempt107_hull,3.0,ok,1,34,9678,28290,1.56
attempt107_hull,2.0,ok,1,34,23874,77904,4.33
attempt107_hull,1.8,ok,1,34,29316,95281,5.18
attempt107_star,3.0,ok,1,46,9750,28353,1.54
attempt107_star,2.0,ok,1,46,23764,77436,4.33
attempt107_star,1.8,ok,1,46,29111,94518,8.45
attempt108_hull,3.0,ok,1,42,9583,28063,1.6
attempt108_hull,2.0,ok,1,42,23493,76918,4.46
attempt108_hull,1.8,ok,1,42,28674,93371,5.1
attempt108_star,3.0,ok,1,50,9681,28226,1.57
attempt108_star,2.0,ok,1,50,23543,76773,4.26
attempt108_star,1.8,ok,1,50,28829,93685,5.22
attempt109_hull,3.0,ok,1,42,9614,28144,1.55
attempt109_hull,2.0,ok,1,42,23531,76990,4.22
attempt109_hull,1.8,ok,1,42,28901,94191,8.56
attempt10_hull,3.0,ok,1,42,9759,28512,1.67
attempt10_hull,2.0,ok,1,42,23858,77894,4.71
attempt10_hull,1.8,ok,1,42,29125,94880,5.25
attempt10_star,3.0,ok,1,42,9762,28511,1.6
attempt10_star,2.0,ok,1,42,23955,78273,4.4
attempt10_star,1.8,ok,1,42,28960,94268,5.24
attempt110_hull,3.0,ok,1,38,9667,28242,1.56
attempt110_hull,2.0,ok,1,38,23909,78120,4.36
attempt110_hull,1.8,ok,1,38,29277,95118,8.02
attempt110_star,3.0,ok,1,58,9674,28013,2.18
attempt110_star,2.0,ok,1,58,23955,77912,4.66
attempt110_star,1.8,ok,1,58,29303,94875,5.48
attempt111_hull,3.0,ok,1,46,9471,27722,1.56
attempt111_hull,2.0,ok,1,46,23326,76356,4.4
attempt111_hull,1.8,ok,1,46,28738,93664,5.27
attempt111_star,3.0,ok,1,62,9772,28312,1.67
attempt111_star,2.0,ok,1,62,23875,77630,4.42
attempt111_star,1.8,ok,1,62,29346,94952,5.45
attempt112_hull,3.0,ok,1,42,9549,27921,1.57
attempt112_hull,2.0,ok,1,42,23588,77125,4.41
attempt112_hull,1.8,ok,1,42,28746,93640,9.24
attempt114_hull,3.0,ok,1,38,9517,27866,1.55
attempt114_hull,2.0,ok,1,38,23371,76624,4.28
attempt114_hull,1.8,ok,1,38,28587,93149,5.22
attempt114_star,3.0,ok,1,42,9524,27818,1.57
attempt114_star,2.0,ok,1,42,23596,77049,4.41
attempt114_star,1.8,ok,1,42,28825,93807,5.26
attempt115_hull,3.0,ok,1,34,9623,28153,1.56
attempt115_hull,2.0,ok,1,34,23674,77328,7.06
attempt115_hull,1.8,ok,1,34,28930,94023,5.29
attempt115_star,3.0,ok,1,46,9752,28341,1.6
attempt115_star,2.0,ok,1,46,23925,77794,4.46
attempt115_star,1.8,ok,1,46,29141,94487,5.32
attempt116_hull,3.0,ok,1,38,9763,28601,1.57
attempt116_hull,2.0,ok,1,38,23884,78070,4.4
attempt116_hull,1.8,ok,1,38,29139,94853,5.25
attempt117_hull,3.0,ok,1,38,9609,28155,1.56
attempt117_hull,2.0,ok,1,38,23778,77700,7.05
attempt117_hull,1.8,ok,1,38,29085,94479,5.25
attempt117_star,3.0,ok,1,54,9795,28338,1.63
attempt117_star,2.0,ok,1,54,23853,77342,4.44
attempt117_star,1.8,ok,1,54,29346,94995,5.4
attempt118_hull,3.0,ok,1,46,9586,28115,1.65
attempt118_hull,2.0,ok,1,46,23349,76474,4.35
attempt118_hull,1.8,ok,1,46,28798,93825,5.23
attempt118_star,3.0,ok,1,58,9820,28467,4.31
attempt118_star,2.0,ok,1,58,23875,77639,4.44
attempt118_star,1.8,ok,1,58,29131,94459,5.42
attempt119_hull,3.0,ok,1,46,9655,28283,1.59
attempt119_hull,2.0,ok,1,46,23735,77607,4.34
attempt119_hull,1.8,ok,1,46,29147,94825,5.31
attempt11_hull,3.0,ok,1,34,9784,28635,1.6
attempt11_hull,2.0,ok,1,34,23784,77733,4.37
attempt11_hull,1.8,ok,1,34,29102,94574,7.98
attempt11_star,3.0,ok,1,46,9708,28277,1.63
attempt11_star,2.0,ok,1,46,23866,77821,4.41
attempt11_star,1.8,ok,1,46,29244,94876,5.31
attempt120_hull,3.0,ok,1,42,9569,28042,1.54
attempt120_hull,2.0,ok,1,42,23503,76901,4.44
attempt120_hull,1.8,ok,1,42,28830,94001,5.34
attempt121_hull,3.0,ok,1,38,9612,28109,1.57
attempt121_hull,2.0,ok,1,38,23757,77581,4.36
attempt121_hull,1.8,ok,1,38,28984,94222,5.3
attempt121_star,3.0,ok,1,38,9617,28111,1.6
attempt121_star,2.0,ok,1,38,23857,78012,4.34
attempt121_star,1.8,ok,1,38,29122,94721,5.56
attempt122_hull,3.0,ok,1,38,9664,28206,5.46
attempt122_hull,2.0,ok,1,38,23757,77561,4.44
attempt122_hull,1.8,ok,1,38,29028,94378,5.32
attempt122_star,3.0,ok,1,42,9851,28734,1.63
attempt122_star,2.0,ok,1,42,23802,77444,4.39
attempt122_star,1.8,ok,1,42,29165,94736,5.35
attempt123_hull,3.0,ok,1,34,9711,28389,1.55
attempt123_hull,2.0,ok,1,34,23745,77468,4.33
attempt123_hull,1.8,ok,1,34,28973,94196,7.91
attempt123_star,3.0,ok,1,46,9809,28427,1.63
attempt123_star,2.0,ok,1,46,23986,77969,4.5
attempt123_star,1.8,ok,1,46,29094,94255,5.4
attempt124_hull,3.0,ok,1,38,9434,27644,1.54
attempt124_hull,2.0,ok,1,38,23397,76615,4.57
attempt124_hull,1.8,ok,1,38,28618,93290,5.24
attempt124_star,3.0,ok,1,50,9591,28009,1.59
attempt124_star,2.0,ok,1,50,23704,77373,4.39
attempt124_star,1.8,ok,1,50,28848,93776,8.02
attempt125_hull,3.0,ok,1,38,9702,28386,1.6
attempt125_hull,2.0,ok,1,38,23779,77651,4.37
attempt125_hull,1.8,ok,1,38,28984,94362,5.23
attempt125_star,3.0,ok,1,54,9775,28399,1.64
attempt125_star,2.0,ok,1,54,23783,77361,4.45
attempt125_star,1.8,ok,1,54,29096,94403,5.46
attempt126_hull,3.0,ok,1,42,9683,28327,1.59
attempt126_hull,2.0,ok,1,42,23880,78057,7.02
attempt126_hull,1.8,ok,1,42,29040,94560,5.3
attempt126_star,3.0,ok,1,58,9644,28057,1.58
attempt126_star,2.0,ok,1,58,23806,77635,4.61
attempt126_star,1.8,ok,1,58,29061,94333,5.29
attempt127_hull,3.0,ok,1,38,9615,28195,1.54
attempt127_hull,2.0,ok,1,38,23589,77150,4.18
attempt127_hull,1.8,ok,1,38,28838,94019,5.13
attempt128_hull,3.0,ok,1,46,9623,28190,1.53
attempt128_hull,2.0,ok,1,46,23595,77182,7.47
attempt128_hull,1.8,ok,1,46,28929,94159,5.19
attempt128_star,3.0,ok,1,66,9870,28771,1.61
attempt128_star,2.0,ok,1,66,23643,77116,4.35
attempt128_star,1.8,ok,1,66,29040,94310,5.32
attempt129_hull,3.0,ok,1,34,9586,28052,1.53
attempt129_hull,2.0,ok,1,34,23793,77733,4.25
attempt129_hull,1.8,ok,1,34,29044,94573,5.21
attempt129_star,3.0,ok,1,38,9706,28402,1.57
attempt129_star,2.0,ok,1,38,23614,77213,7.71
attempt129_star,1.8,ok,1,38,28964,94289,5.23
attempt12_hull,3.0,ok,1,38,9482,27762,1.61
attempt12_hull,2.0,ok,1,38,23533,77006,4.3
attempt12_hull,1.8,ok,1,38,28831,93930,5.23
attempt12_star,3.0,ok,1,50,9691,28207,1.58
attempt12_star,2.0,ok,1,50,23853,77736,4.41
attempt12_star,1.8,ok,1,50,29222,94885,5.5
attempt130_hull,3.0,ok,1,34,9521,27771,4.41
attempt130_hull,2.0,ok,1,34,23719,77317,4.3
attempt130_hull,1.8,ok,1,34,29054,94406,5.24
attempt131_hull,3.0,ok,1,38,9713,28407,1.56
attempt131_hull,2.0,ok,1,38,23867,77868,4.34
attempt131_hull,1.8,ok,1,38,29153,94827,5.55
attempt131_star,3.0,ok,1,46,9636,28052,1.58
attempt131_star,2.0,ok,1,46,23549,76755,4.37
attempt131_star,1.8,ok,1,46,28873,93590,8.2
attempt132_hull,3.0,ok,1,34,9562,27932,1.53
attempt132_hull,2.0,ok,1,34,23611,77034,4.31
attempt132_hull,1.8,ok,1,34,28831,93751,5.46
attempt132_star,3.0,ok,1,50,9764,28456,1.57
attempt132_star,2.0,ok,1,50,23821,77654,4.42
attempt132_star,1.8,ok,1,50,29800,101589,6.4
attempt133_hull,3.0,ok,1,34,9486,27749,1.52
attempt133_hull,2.0,ok,1,34,23583,77178,4.56
attempt133_hull,1.8,ok,1,34,28919,94110,8.01
attempt133_star,3.0,ok,1,54,9707,28240,1.59
attempt133_star,2.0,ok,1,54,23806,77529,4.42
attempt133_star,1.8,ok,1,54,29119,94457,5.32
attempt134_hull,3.0,ok,1,50,9574,28078,1.56
attempt134_hull,2.0,ok,1,50,23419,76617,4.22
attempt134_hull,1.8,ok,1,50,28629,93378,5.19
attempt135_hull,3.0,ok,1,42,9622,28135,1.57
attempt135_hull,2.0,ok,1,42,23784,77761,7.23
attempt135_hull,1.8,ok,1,42,29138,94793,5.28
attempt136_hull,3.0,ok,1,42,9691,28359,1.56
attempt136_hull,2.0,ok,1,42,23594,77094,4.33
attempt136_hull,1.8,ok,1,42,29015,94465,5.29
attempt137_hull,3.0,ok,1,38,9612,28107,1.54
attempt137_hull,2.0,ok,1,38,23563,77045,4.31
attempt137_hull,1.8,ok,1,38,28957,94235,5.22
attempt138_hull,3.0,ok,1,34,9669,28267,1.58
attempt138_hull,2.0,ok,1,34,23780,77677,7.19
attempt138_hull,1.8,ok,1,34,29071,94576,5.17
attempt138_star,3.0,ok,1,42,9810,28622,1.62
attempt138_star,2.0,ok,1,42,23987,78126,4.42
attempt138_star,1.8,ok,1,42,29333,95274,5.34
attempt139_hull,3.0,ok,1,42,9634,28206,1.54
attempt139_hull,2.0,ok,1,42,23606,77110,4.25
attempt139_hull,1.8,ok,1,42,28915,94112,5.22
attempt139_star,3.0,ok,1,46,9636,28170,1.59
attempt139_star,2.0,ok,1,46,23730,77604,7.22
attempt139_star,1.8,ok,1,46,29022,94479,5.56
attempt13_hull,3.0,ok,1,38,9513,27873,1.56
attempt13_hull,2.0,ok,1,38,23515,77021,4.29
attempt13_hull,1.8,ok,1,38,28708,93608,5.19
attempt140_hull,3.0,ok,1,38,9622,28139,1.59
attempt140_hull,2.0,ok,1,38,23516,76977,4.28
attempt140_hull,1.8,ok,1,38,28966,94246,5.24
attempt140_star,3.0,ok,1,50,9743,28399,4.55
attempt140_star,2.0,ok,1,50,23565,76816,4.4
attempt140_star,1.8,ok,1,50,28854,93856,5.59
attempt142_hull,3.0,ok,1,38,9494,27839,1.64
attempt142_hull,2.0,ok,1,38,23813,77833,4.31
attempt142_hull,1.8,ok,1,38,29064,94608,5.35
attempt142_star,3.0,ok,1,58,9748,28484,1.62
attempt142_star,2.0,ok,1,58,23718,77507,4.42
attempt142_star,1.8,ok,1,58,28915,94136,8.51
attempt144_star,3.0,ok,1,66,9779,28472,1.64
attempt144_star,2.0,ok,1,66,23630,76952,4.46
attempt144_star,1.8,ok,1,66,28870,93800,5.31
attempt145_hull,3.0,ok,1,30,9580,27955,1.55
attempt145_hull,2.0,ok,1,30,23820,77733,4.41
attempt145_hull,1.8,ok,1,30,29032,94191,5.19
attempt146_hull,3.0,ok,1,38,9605,28137,1.57
attempt146_hull,2.0,ok,1,38,23725,77672,4.36
attempt146_hull,1.8,ok,1,38,28872,93975,8.12
attempt146_star,3.0,ok,1,42,9603,28101,1.59
attempt146_star,2.0,ok,1,42,23764,77704,4.38
attempt146_star,1.8,ok,1,42,28874,94020,5.3
attempt148_hull,3.0,ok,1,38,9677,28357,1.58
attempt148_hull,2.0,ok,1,38,23597,77168,4.27
attempt148_hull,1.8,ok,1,38,29041,94446,5.2
attempt148_star,3.0,ok,1,50,9615,28046,1.6
attempt148_star,2.0,ok,1,50,23739,77459,7.29
attempt148_star,1.8,ok,1,50,28862,93861,5.41
attempt149_hull,3.0,ok,1,38,9493,27740,1.58
attempt149_hull,2.0,ok,1,38,23738,77596,4.33
attempt149_hull,1.8,ok,1,38,28919,94111,5.23
attempt14_hull,3.0,ok,1,38,9647,28236,1.58
attempt14_hull,2.0,ok,1,38,23767,77723,4.28
attempt14_hull,1.8,ok,1,38,29161,94965,5.21
attempt150_hull,3.0,ok,1,38,9699,28396,1.61
attempt150_hull,2.0,ok,1,38,23531,76972,7.18
attempt150_hull,1.8,ok,1,38,29175,94987,5.32
attempt15_hull,3.0,ok,1,42,9630,28247,1.61
attempt15_hull,2.0,ok,1,42,23448,76829,4.3
attempt15_hull,1.8,ok,1,42,28675,93388,5.2
attempt15_star,3.0,ok,1,62,9651,28074,1.65
attempt15_star,2.0,ok,1,62,23742,77379,4.43
attempt15_star,1.8,ok,1,62,29145,94565,5.42
attempt16_hull,3.0,ok,1,46,9600,28121,1.58
attempt16_hull,2.0,ok,1,46,23433,76650,7.25
attempt16_hull,1.8,ok,1,46,28752,93583,5.21
attempt19_hull,3.0,ok,1,38,9606,28102,1.59
attempt19_hull,2.0,ok,1,38,23767,77605,4.26
attempt19_hull,1.8,ok,1,38,28861,93832,5.15
attempt19_star,3.0,ok,1,46,9789,28581,1.6
attempt19_star,2.0,ok,1,46,23765,77554,4.27
attempt19_star,1.8,ok,1,46,29161,94774,5.33
attempt1_hull,3.0,ok,1,30,9802,28472,4.62
attempt1_hull,2.0,ok,1,30,24029,78071,4.36
attempt1_hull,1.8,ok,1,30,29371,95034,5.33
attempt1_star,3.0,ok,1,38,9789,28393,1.61
attempt1_star,2.0,ok,1,38,24017,78011,4.35
attempt1_star,1.8,ok,1,38,29418,95173,5.3
attempt20_star,3.0,ok,1,50,9874,28630,1.61
attempt20_star,2.0,ok,1,50,24056,78218,4.45
attempt20_star,1.8,ok,1,50,29405,95280,8.34
attempt21_hull,3.0,ok,1,38,9532,27889,1.55
attempt21_hull,2.0,ok,1,38,23513,76830,4.26
attempt21_hull,1.8,ok,1,38,28900,94185,5.22
attempt22_hull,3.0,ok,1,46,9712,28431,1.57
attempt22_hull,2.0,ok,1,46,23653,77321,4.32
attempt22_hull,1.8,ok,1,46,28931,94204,5.21
attempt22_star,3.0,ok,1,58,9720,28263,1.59
attempt22_star,2.0,ok,1,58,23713,77314,4.38
attempt22_star,1.8,ok,1,58,29003,94171,8.33
attempt23_hull,3.0,ok,1,42,9561,27962,1.56
attempt23_hull,2.0,ok,1,42,23549,77017,4.37
attempt23_hull,1.8,ok,1,42,28888,94022,5.28
attempt23_star,3.0,ok,1,62,9732,28306,1.6
attempt23_star,2.0,ok,1,62,23823,77642,4.46
attempt23_star,1.8,ok,1,62,29113,94536,5.31
attempt24_hull,3.0,ok,1,50,9618,28169,1.59
attempt24_hull,2.0,ok,1,50,23567,77064,4.31
attempt24_hull,1.8,ok,1,50,28982,94261,8.36
attempt25_hull,3.0,ok,1,34,9642,28091,1.54
attempt25_hull,2.0,ok,1,34,23803,77529,4.33
attempt25_hull,1.8,ok,1,34,29125,94429,5.29
attempt25_star,3.0,ok,1,38,9871,28677,1.59
attempt25_star,2.0,ok,1,38,23878,77573,4.29
attempt25_star,1.8,ok,1,38,29414,95185,5.3
attempt26_hull,3.0,ok,1,38,9535,27924,1.53
attempt26_hull,2.0,ok,1,38,23574,77114,7.28
attempt26_hull,1.8,ok,1,38,28742,93649,5.17
attempt26_star,3.0,ok,1,42,9687,28266,1.58
attempt26_star,2.0,ok,1,42,23844,77777,4.4
attempt26_star,1.8,ok,1,42,29152,94761,5.29
attempt27_hull,3.0,ok,1,38,9567,27965,1.51
attempt27_hull,2.0,ok,1,38,23689,77414,4.24
attempt27_hull,1.8,ok,1,38,29024,94508,5.32
attempt27_star,3.0,ok,1,46,9641,28071,1.57
attempt27_star,2.0,ok,1,46,23912,77830,7.47
attempt27_star,1.8,ok,1,46,29260,95045,5.3
attempt28_hull,3.0,ok,1,34,9657,28265,1.55
attempt28_hull,2.0,ok,1,34,23713,77467,4.2
attempt28_hull,1.8,ok,1,34,29204,94941,5.17
attempt28_star,3.0,ok,1,50,9768,28469,1.59
attempt28_star,2.0,ok,1,50,23985,78208,4.41
attempt28_star,1.8,ok,1,50,29229,94926,5.41
attempt29_hull,3.0,ok,1,38,9533,27892,4.7
attempt29_hull,2.0,ok,1,38,23650,77356,4.4
attempt29_hull,1.8,ok,1,38,28733,93635,5.33
attempt29_star,3.0,ok,1,54,9682,28235,1.62
attempt29_star,2.0,ok,1,54,23777,77571,4.34
attempt29_star,1.8,ok,1,54,29061,94491,5.38
attempt2_hull,3.0,ok,1,34,9811,28704,1.62
attempt2_hull,2.0,ok,1,34,23803,77724,4.27
attempt2_hull,1.8,ok,1,34,29179,94824,8.0
attempt2_star,3.0,ok,1,42,9830,28646,1.61
attempt2_star,2.0,ok,1,42,23994,78169,4.48
attempt2_star,1.8,ok,1,42,29357,95099,5.36
attempt30_hull,3.0,ok,1,38,9598,28114,1.54
attempt30_hull,2.0,ok,1,38,23569,77090,4.21
attempt30_hull,1.8,ok,1,38,28921,94138,5.09
attempt31_star,3.0,ok,1,62,9634,27840,1.58
attempt31_star,2.0,ok,1,62,23755,77208,4.43
attempt31_star,1.8,ok,1,62,29157,94330,8.79
attempt32_hull,3.0,ok,1,46,9514,27844,1.64
attempt32_hull,2.0,ok,1,46,23401,76619,4.63
attempt32_hull,1.8,ok,1,46,28694,93648,5.38
attempt33_hull,3.0,ok,1,34,9770,28366,1.6
attempt33_hull,2.0,ok,1,34,23835,77560,4.24
attempt33_hull,1.8,ok,1,34,29452,95411,5.19
attempt33_star,3.0,ok,1,38,9709,28148,1.54
attempt33_star,2.0,ok,1,38,24047,78129,4.25
attempt33_star,1.8,ok,1,38,29404,95184,7.76
attempt34_hull,3.0,ok,1,34,9704,28360,1.56
attempt34_hull,2.0,ok,1,34,23747,77525,4.24
attempt34_hull,1.8,ok,1,34,29073,94611,5.14
attempt34_star,3.0,ok,1,42,9689,28260,1.54
attempt34_star,2.0,ok,1,42,23910,77920,4.27
attempt34_star,1.8,ok,1,42,29139,94651,5.26
attempt35_hull,3.0,ok,1,42,9691,28409,1.55
attempt35_hull,2.0,ok,1,42,23839,77858,7.67
attempt35_hull,1.8,ok,1,42,29159,94958,5.74
attempt35_star,3.0,ok,1,46,9605,28071,1.69
attempt35_star,2.0,ok,1,46,23731,77537,4.41
attempt35_star,1.8,ok,1,46,28916,94095,5.3
attempt36_hull,3.0,ok,1,38,9595,28100,1.54
attempt36_hull,2.0,ok,1,38,23660,77254,4.23
attempt36_hull,1.8,ok,1,38,29049,94627,5.27
attempt36_star,3.0,ok,1,50,9565,27895,1.55
attempt36_star,2.0,ok,1,50,23743,77441,6.96
attempt36_star,1.8,ok,1,50,28916,93997,5.24
attempt37_hull,3.0,ok,1,38,9608,28096,1.53
attempt37_hull,2.0,ok,1,38,23525,77045,4.2
attempt37_hull,1.8,ok,1,38,28709,93504,5.13
attempt37_star,3.0,ok,1,54,9715,28253,1.58
attempt37_star,2.0,ok,1,54,23921,78011,4.42
attempt37_star,1.8,ok,1,54,29134,94526,5.41
attempt38_hull,3.0,ok,1,38,9620,28153,1.56
attempt38_hull,2.0,ok,1,38,23681,77431,7.89
attempt38_hull,1.8,ok,1,38,28913,94090,5.17
attempt3_hull,3.0,ok,1,34,9682,28235,1.55
attempt3_hull,2.0,ok,1,34,23909,78012,4.25
attempt3_hull,1.8,ok,1,34,29148,94681,5.17
attempt3_star,3.0,ok,1,46,9921,28835,1.59
attempt3_star,2.0,ok,1,46,23812,77305,4.28
attempt3_star,1.8,ok,1,46,29230,94658,5.54
attempt40_hull,3.0,ok,1,42,9558,27965,4.74
attempt40_hull,2.0,ok,1,42,23480,76794,4.43
attempt40_hull,1.8,ok,1,42,28729,93624,5.13
attempt40_star,3.0,ok,1,66,9713,28319,1.61
attempt40_star,2.0,ok,1,66,23676,77217,4.41
attempt40_star,1.8,ok,1,66,29054,94288,5.4
attempt41_hull,3.0,ok,1,34,9695,28339,1.54
attempt41_hull,2.0,ok,1,34,23973,78237,4.25
attempt41_hull,1.8,ok,1,34,29310,95301,8.52
attempt41_star,3.0,ok,1,38,9740,28476,1.62
attempt41_star,2.0,ok,1,38,24008,78331,4.35
attempt41_star,1.8,ok,1,38,29376,95561,5.22
attempt42_hull,3.0,ok,1,30,9644,28132,1.51
attempt42_hull,2.0,ok,1,30,23678,77313,4.21
attempt42_hull,1.8,ok,1,30,29071,94555,5.11
attempt42_star,3.0,ok,1,42,9724,28210,1.55
attempt42_star,2.0,ok,1,42,23780,77228,4.3
attempt42_star,1.8,ok,1,42,29089,94239,8.64
attempt43_hull,3.0,ok,1,42,9633,28136,1.69
attempt43_hull,2.0,ok,1,42,23659,77335,4.33
attempt43_hull,1.8,ok,1,42,28826,93861,5.15
attempt43_star,3.0,ok,1,46,9712,28391,1.57
attempt43_star,2.0,ok,1,46,23783,77722,4.41
attempt43_star,1.8,ok,1,46,29028,94491,5.18
attempt44_hull,3.0,ok,1,42,9747,28521,1.64
attempt44_hull,2.0,ok,1,42,23782,77784,4.32
attempt44_hull,1.8,ok,1,42,29080,94580,8.62
attempt44_star,3.0,ok,1,50,9595,27984,1.56
attempt44_star,2.0,ok,1,50,23628,77100,4.24
attempt44_star,1.8,ok,1,50,29018,94341,5.33
attempt45_hull,3.0,ok,1,42,9635,28210,1.55
attempt45_hull,2.0,ok,1,42,23744,77701,4.2
attempt45_hull,1.8,ok,1,42,29051,94543,5.22
attempt45_star,3.0,ok,1,54,9730,28384,1.59
attempt45_star,2.0,ok,1,54,23744,77432,7.62
attempt45_star,1.8,ok,1,54,29192,94851,5.47
attempt46_hull,3.0,ok,1,42,9705,28412,1.55
attempt46_hull,2.0,ok,1,42,23622,77227,4.23
attempt46_hull,1.8,ok,1,42,28886,94102,5.17
attempt46_star,3.0,ok,1,58,9809,28565,1.67
attempt46_star,2.0,ok,1,58,23722,77288,4.3
attempt46_star,1.8,ok,1,58,29011,94181,5.27
attempt48_hull,3.0,ok,1,42,9598,28123,1.56
attempt48_hull,2.0,ok,1,42,23411,76609,7.67
attempt48_hull,1.8,ok,1,42,28695,93510,5.25
attempt49_hull,3.0,ok,1,34,9801,28677,1.57
attempt49_hull,2.0,ok,1,34,23884,77962,4.28
attempt49_hull,1.8,ok,1,34,29038,94447,5.16
attempt49_star,3.0,ok,1,38,9567,27973,1.55
attempt49_star,2.0,ok,1,38,23731,77509,4.28
attempt49_star,1.8,ok,1,38,29140,94736,5.2
attempt4_hull,3.0,ok,1,38,9554,27911,4.72
attempt4_hull,2.0,ok,1,38,23758,77560,4.4
attempt4_hull,1.8,ok,1,38,29068,94541,5.24
attempt4_star,3.0,ok,1,50,9717,28279,1.56
attempt4_star,2.0,ok,1,50,23805,77536,4.37
attempt4_star,1.8,ok,1,50,29105,94591,5.32
attempt50_hull,3.0,ok,1,38,9586,28035,1.55
attempt50_hull,2.0,ok,1,38,23792,77688,4.3
attempt50_hull,1.8,ok,1,38,29096,94733,7.98
attempt50_star,3.0,ok,1,42,9755,28528,1.58
attempt50_star,2.0,ok,1,42,23828,77773,4.54
attempt50_star,1.8,ok,1,42,29215,95025,5.33
attempt51_hull,3.0,ok,1,38,9693,28212,1.58
attempt51_hull,2.0,ok,1,38,23681,77061,4.23
attempt51_hull,1.8,ok,1,38,29004,94106,5.21
attempt51_star,3.0,ok,1,46,9603,27871,1.56
attempt51_star,2.0,ok,1,46,23582,76726,4.33
attempt51_star,1.8,ok,1,46,28960,93775,8.11
attempt52_hull,3.0,ok,1,38,9574,27986,1.55
attempt52_hull,2.0,ok,1,38,23514,76894,4.32
attempt52_hull,1.8,ok,1,38,28953,94166,5.47
attempt52_star,3.0,ok,1,50,9751,28399,1.61
attempt52_star,2.0,ok,1,50,23618,77048,4.33
attempt52_star,1.8,ok,1,50,29026,94250,5.32
attempt53_hull,3.0,ok,1,42,9676,28309,1.6
attempt53_hull,2.0,ok,1,42,23904,78083,4.44
attempt53_hull,1.8,ok,1,42,28946,94202,8.11
attempt53_star,3.0,ok,1,54,9655,28081,1.6
attempt53_star,2.0,ok,1,54,23939,77848,4.5
attempt53_star,1.8,ok,1,54,29043,94234,5.39
attempt54_hull,3.0,ok,1,42,9462,27699,1.55
attempt54_hull,2.0,ok,1,42,23443,76747,4.46
attempt54_hull,1.8,ok,1,42,28694,93480,5.22
attempt54_star,3.0,ok,1,58,9614,27984,1.67
attempt54_star,2.0,ok,1,58,23726,77273,7.25
attempt54_star,1.8,ok,1,58,28854,93667,5.37
attempt56_star,3.0,ok,1,66,9633,27981,1.63
attempt56_star,2.0,ok,1,66,23651,77032,4.44
attempt56_star,1.8,ok,1,66,28779,93402,5.39
attempt57_hull,3.0,ok,1,34,9659,28202,1.6
attempt57_hull,2.0,ok,1,34,23854,77943,4.43
attempt57_hull,1.8,ok,1,34,29290,95132,5.4
attempt57_star,3.0,ok,1,38,9810,28635,1.63
attempt57_star,2.0,ok,1,38,23843,77795,7.21
attempt57_star,1.8,ok,1,38,29160,94712,5.42
attempt58_hull,3.0,ok,1,42,9593,28075,1.63
attempt58_hull,2.0,ok,1,42,23577,77182,4.32
attempt58_hull,1.8,ok,1,42,28939,94129,5.29
attempt59_hull,3.0,ok,1,34,9655,28200,1.54
attempt59_hull,2.0,ok,1,34,23829,77740,4.41
attempt59_hull,1.8,ok,1,34,29108,94656,5.24
attempt59_star,3.0,ok,1,46,9792,28344,4.45
attempt59_star,2.0,ok,1,46,23962,77827,4.42
attempt59_star,1.8,ok,1,46,29259,94786,5.26
attempt60_hull,3.0,ok,1,38,9794,28678,1.61
attempt60_hull,2.0,ok,1,38,23751,77661,4.37
attempt60_hull,1.8,ok,1,38,29082,94644,5.3
attempt61_hull,3.0,ok,1,46,9634,28150,1.59
attempt61_hull,2.0,ok,1,46,23687,77507,4.36
attempt61_hull,1.8,ok,1,46,29022,94490,8.03
attempt61_star,3.0,ok,1,54,9835,28678,1.62
attempt61_star,2.0,ok,1,54,23812,77584,4.4
attempt61_star,1.8,ok,1,54,29001,94198,5.34
attempt62_hull,3.0,ok,1,54,9632,28219,1.59
attempt62_hull,2.0,ok,1,54,23594,77219,4.52
attempt62_hull,1.8,ok,1,54,28794,93854,5.29
attempt62_star,3.0,ok,1,58,9608,28112,1.62
attempt62_star,2.0,ok,1,58,23603,77264,4.36
attempt62_star,1.8,ok,1,58,28796,93791,8.13
attempt63_hull,3.0,ok,1,38,9654,28297,1.64
attempt63_hull,2.0,ok,1,38,23873,78020,4.42
attempt63_hull,1.8,ok,1,38,29009,94445,5.38
attempt64_hull,3.0,ok,1,38,9597,28108,1.56
attempt64_hull,2.0,ok,1,38,23637,77342,4.33
attempt64_hull,1.8,ok,1,38,28928,94190,5.2
attempt64_star,3.0,ok,1,66,9794,28421,1.63
attempt64_star,2.0,ok,1,66,23794,77375,7.31
attempt64_star,1.8,ok,1,66,28876,93566,5.32
attempt65_hull,3.0,ok,1,38,9669,28296,1.59
attempt65_hull,2.0,ok,1,38,23954,78252,4.35
attempt65_hull,1.8,ok,1,38,29225,95138,5.29
attempt65_star,3.0,ok,1,38,9643,28301,1.59
attempt65_star,2.0,ok,1,38,23910,78068,4.54
attempt65_star,1.8,ok,1,38,29268,95261,5.37
attempt66_hull,3.0,ok,1,34,9707,28310,1.59
attempt66_hull,2.0,ok,1,34,23750,77416,7.06
attempt66_hull,1.8,ok,1,34,29037,94446,5.31
attempt67_hull,3.0,ok,1,34,9602,28071,1.55
attempt67_hull,2.0,ok,1,34,23606,77210,4.29
attempt67_hull,1.8,ok,1,34,28887,93982,5.19
attempt67_star,3.0,ok,1,46,9693,28079,1.58
attempt67_star,2.0,ok,1,46,23855,77435,4.4
attempt67_star,1.8,ok,1,46,29096,94182,5.34
attempt6_hull,3.0,ok,1,42,9657,28285,1.56
attempt6_hull,2.0,ok,1,42,23708,77510,7.12
attempt6_hull,1.8,ok,1,42,28911,94234,5.61
attempt6_star,3.0,ok,1,58,9657,28049,1.58
attempt6_star,2.0,ok,1,58,23716,77222,4.41
attempt6_star,1.8,ok,1,58,28991,94031,5.34
attempt70_hull,3.0,ok,1,38,9526,27893,1.56
attempt70_hull,2.0,ok,1,38,23538,76922,4.28
attempt70_hull,1.8,ok,1,38,28907,94176,5.29
attempt70_star,3.0,ok,1,58,9699,28098,4.42
attempt70_star,2.0,ok,1,58,23752,77190,4.62
attempt70_star,1.8,ok,1,58,29049,94074,5.42
attempt72_star,3.0,ok,1,66,9739,28378,1.65
attempt72_star,2.0,ok,1,66,23623,77071,4.43
attempt72_star,1.8,ok,1,66,28873,93800,5.54
attempt74_hull,3.0,ok,1,34,9555,27941,1.69
attempt74_hull,2.0,ok,1,34,23710,77603,4.47
attempt74_hull,1.8,ok,1,34,28933,94127,8.3
attempt74_star,3.0,ok,1,42,9513,27760,1.54
attempt74_star,2.0,ok,1,42,23456,76538,4.22
attempt74_star,1.8,ok,1,42,28835,93771,5.28
attempt75_hull,3.0,ok,1,38,9620,28154,1.64
attempt75_hull,2.0,ok,1,38,23800,77790,4.37
attempt75_hull,1.8,ok,1,38,29089,94685,5.4
attempt75_star,3.0,ok,1,46,9590,28114,1.6
attempt75_star,2.0,ok,1,46,23824,77885,4.46
attempt75_star,1.8,ok,1,46,29051,94635,8.51
attempt76_hull,3.0,ok,1,34,9587,28004,1.57
attempt76_hull,2.0,ok,1,34,23479,76726,4.28
attempt76_hull,1.8,ok,1,34,28840,93916,5.21
attempt77_hull,3.0,ok,1,50,9598,28115,1.58
attempt77_hull,2.0,ok,1,50,23342,76456,4.34
attempt77_hull,1.8,ok,1,50,28692,93494,5.3
attempt77_star,3.0,ok,1,54,9614,28013,1.6
attempt77_star,2.0,ok,1,54,23712,77462,7.41
attempt77_star,1.8,ok,1,54,28900,93960,5.31
attempt78_hull,3.0,ok,1,34,9623,28186,1.58
attempt78_hull,2.0,ok,1,34,23759,77724,4.38
attempt78_hull,1.8,ok,1,34,29124,94795,5.28
attempt79_hull,3.0,ok,1,38,9630,28171,1.56
attempt79_hull,2.0,ok,1,38,23700,77412,4.32
attempt79_hull,1.8,ok,1,38,29053,94592,5.3
attempt79_star,3.0,ok,1,62,9815,28400,1.65
attempt79_star,2.0,ok,1,62,23875,77442,7.43
attempt79_star,1.8,ok,1,62,29028,93867,5.4
attempt7_hull,3.0,ok,1,46,9678,28261,1.59
attempt7_hull,2.0,ok,1,46,23512,76894,4.4
attempt7_hull,1.8,ok,1,46,28929,94274,5.26
attempt80_hull,3.0,ok,1,46,9469,27714,1.54
attempt80_hull,2.0,ok,1,46,23433,76629,4.3
attempt80_hull,1.8,ok,1,46,29086,94700,5.52
attempt80_star,3.0,ok,1,66,9571,27866,4.44
attempt80_star,2.0,ok,1,66,23525,76843,4.43
attempt80_star,1.8,ok,1,66,28875,93861,5.38
attempt81_hull,3.0,ok,1,38,9658,28261,1.55
attempt81_hull,2.0,ok,1,38,23836,77842,4.28
attempt81_hull,1.8,ok,1,38,29148,94768,5.28
attempt81_star,3.0,ok,1,38,9643,28250,1.58
attempt81_star,2.0,ok,1,38,23730,77459,4.35
attempt81_star,1.8,ok,1,38,29099,94749,8.39
attempt82_hull,3.0,ok,1,34,9607,28123,1.55
attempt82_hull,2.0,ok,1,34,23579,77064,4.31
attempt82_hull,1.8,ok,1,34,29100,94707,5.33
attempt82_star,3.0,ok,1,42,9692,28359,1.55
attempt82_star,2.0,ok,1,42,23639,77301,4.35
attempt82_star,1.8,ok,1,42,29059,94559,5.27
attempt83_hull,3.0,ok,1,42,9496,27807,1.53
attempt83_hull,2.0,ok,1,42,23434,76661,4.27
attempt83_hull,1.8,ok,1,42,28855,93930,8.21
attempt83_star,3.0,ok,1,46,9488,27718,1.54
attempt83_star,2.0,ok,1,46,23487,76771,4.35
attempt83_star,1.8,ok,1,46,28841,93876,5.25
attempt84_hull,3.0,ok,1,38,9711,28324,1.58
attempt84_hull,2.0,ok,1,38,23764,77526,4.3
attempt84_hull,1.8,ok,1,38,29079,94485,5.25
attempt84_star,3.0,ok,1,50,9741,28446,1.59
attempt84_star,2.0,ok,1,50,23754,77453,4.34
attempt84_star,1.8,ok,1,50,29245,95007,8.41
attempt85_hull,3.0,ok,1,38,9609,28091,1.54
attempt85_hull,2.0,ok,1,38,23700,77512,4.29
attempt85_hull,1.8,ok,1,38,29017,94563,5.28
attempt86_hull,3.0,ok,1,42,9561,28022,1.57
attempt86_hull,2.0,ok,1,42,23580,77165,4.27
attempt86_hull,1.8,ok,1,42,28824,93911,5.28
attempt86_star,3.0,ok,1,58,9746,28360,1.59
attempt86_star,2.0,ok,1,58,23854,77802,7.47
attempt86_star,1.8,ok,1,58,29029,94310,5.31
attempt87_hull,3.0,ok,1,38,9712,28413,1.56
attempt87_hull,2.0,ok,1,38,23643,77281,4.27
attempt87_hull,1.8,ok,1,38,29002,94459,5.18
attempt88_hull,3.0,ok,1,42,9591,28083,1.61
attempt88_hull,2.0,ok,1,42,23672,77420,4.32
attempt88_hull,1.8,ok,1,42,28917,94205,5.23
attempt88_star,3.0,ok,1,66,9757,28291,1.68
attempt88_star,2.0,ok,1,66,23994,77937,7.88
attempt88_star,1.8,ok,1,66,29063,94119,5.47
attempt89_hull,3.0,ok,1,34,9647,28117,1.57
attempt89_hull,2.0,ok,1,34,23646,77041,4.19
attempt89_hull,1.8,ok,1,34,29094,94343,5.13
attempt8_hull,3.0,ok,1,46,9629,28233,1.51
attempt8_hull,2.0,ok,1,46,23500,76943,4.3
attempt8_hull,1.8,ok,1,46,28812,93835,5.21
attempt90_star,3.0,ok,1,42,9867,28577,1.6
attempt90_star,2.0,ok,1,42,23971,77771,7.72
attempt90_star,1.8,ok,1,42,29480,95236,5.53
attempt92_hull,3.0,ok,1,34,9647,28206,1.61
attempt92_hull,2.0,ok,1,34,23876,78036,4.37
attempt92_hull,1.8,ok,1,34,29144,94823,5.2
attempt93_hull,3.0,ok,1,38,9627,28181,1.52
attempt93_hull,2.0,ok,1,38,23608,77252,4.24
attempt93_hull,1.8,ok,1,38,28880,93956,5.09
attempt93_star,3.0,ok,1,54,9590,27965,4.51
attempt93_star,2.0,ok,1,54,23570,76977,4.41
attempt93_star,1.8,ok,1,54,28966,94145,5.3
attempt94_hull,3.0,ok,1,42,9525,27851,1.64
attempt94_hull,2.0,ok,1,42,23435,76603,4.48
attempt94_hull,1.8,ok,1,42,28775,93597,5.16
attempt95_hull,3.0,ok,1,38,9568,28021,1.56
attempt95_hull,2.0,ok,1,38,23545,77040,4.27
attempt95_hull,1.8,ok,1,38,28836,94049,8.66
attempt96_hull,3.0,ok,1,38,9719,28461,1.71
attempt96_hull,2.0,ok,1,38,23711,77556,4.64
attempt96_hull,1.8,ok,1,38,29106,94824,5.54
attempt97_hull,3.0,ok,1,34,9651,28236,1.54
attempt97_hull,2.0,ok,1,34,23943,78167,4.32
attempt97_hull,1.8,ok,1,34,29112,94710,5.21
attempt97_star,3.0,ok,1,38,9758,28500,1.59
attempt97_star,2.0,ok,1,38,23835,77615,4.28
attempt97_star,1.8,ok,1,38,29287,95072,7.71
attempt98_hull,3.0,ok,1,34,9823,28632,1.56
attempt98_hull,2.0,ok,1,34,23847,77576,4.32
attempt98_hull,1.8,ok,1,34,29076,94369,5.13
attempt99_hull,3.0,ok,1,38,9575,27921,1.53
attempt99_hull,2.0,ok,1,38,23828,77700,4.31
attempt99_hull,1.8,ok,1,38,29045,94407,5.19
attempt99_star,3.0,ok,1,46,9737,28244,1.58
attempt99_star,2.0,ok,1,46,23822,77407,4.44
attempt99_star,1.8,ok,1,46,29106,94367,9.22
attempt9_hull,3.0,ok,1,38,9648,28179,1.69
attempt9_hull,2.0,ok,1,38,23491,76761,4.31
attempt9_hull,1.8,ok,1,38,28876,93932,5.26
attempt9_star,3.0,ok,1,38,9620,28102,1.51
attempt9_star,2.0,ok,1,38,23498,76698,4.22
attempt9_star,1.8,ok,1,38,28930,94049,5.16
